,,,Partisanship,Partisanship,Partisanship,Partisanship,Partisanship,Partisanship,Partisanship,Partisanship,Partisanship,Partisanship,Likelihood,Likelihood,Likelihood,Likelihood,Likelihood,Likelihood,Likelihood,Likelihood,Importance,Importance,Importance,Importance,Importance,Importance,Importance,Importance,Exciting,Exciting,Exciting,Exciting,Exciting,Exciting,Exciting,Exciting,Worrying,Worrying,Worrying,Worrying,Worrying,Worrying,Worrying,Worrying,Familiarity,Familiarity,Familiarity,Familiarity,Familiarity,Familiarity,Familiarity,Familiarity,Sharing,Sharing,Sharing,Sharing,Sharing,Sharing,Sharing,Sharing
,,,Democrats,Democrats,Democrats,Democrats,Republicans,Republicans,Republicans,Republicans,All,All,Democrats,Democrats,Democrats,Democrats,Republicans,Republicans,Republicans,Republicans,Democrats,Democrats,Democrats,Democrats,Republicans,Republicans,Republicans,Republicans,Democrats,Democrats,Democrats,Democrats,Republicans,Republicans,Republicans,Republicans,Democrats,Democrats,Democrats,Democrats,Republicans,Republicans,Republicans,Republicans,Democrats,Democrats,Democrats,Democrats,Republicans,Republicans,Republicans,Republicans,Democrats,Democrats,Democrats,Democrats,Republicans,Republicans,Republicans,Republicans
Name,Item#,Headline,Mturk,Lucid,Difference,Combined,Mturk,Lucid,Difference,Combined,Combined,Partisan,Mturk,Lucid,Difference,Combined,Mturk,Lucid,Difference,Combined,Mturk,Lucid,Difference,Combined,Mturk,Lucid,Difference,Combined,Mturk,Lucid,Difference,Combined,Mturk,Lucid,Difference,Combined,Mturk,Lucid,Difference,Combined,Mturk,Lucid,Difference,Combined,Mturk,Lucid,Difference,Combined,Mturk,Lucid,Difference,Combined,Mturk,Lucid,Difference,Combined,Mturk,Lucid,Difference,Combined
Fake_1,1,f_16 year old claim clinton is father.png,4.08,3.2,-0.88,3.64,4.12,3.44,-0.68,3.78,3.71,0.71,2.31,2.61,0.3,2.46,2.81,2.94,0.13,2.88,2.56,2.46,-0.1,2.51,2.93,2.79,-0.14,2.86,2.21,2.36,0.15,2.29,2.86,2.32,-0.54,2.59,1.65,2.05,0.4,1.85,2.33,1.94,-0.39,2.14,2.9,2.59,-0.31,2.75,2.86,2.71,-0.15,2.79,1.56,2.3,0.74,1.93,2.56,2.44,-0.12,2.5
Fake_2,2,f_a woman found dead on clinton estate.jpeg,4.29,3.63,-0.66,3.96,4.03,3.47,-0.56,3.75,3.86,0.86,1.73,2.27,0.54,2,2.98,2.53,-0.45,2.76,4.2,3.73,-0.47,3.97,4.13,3.53,-0.6,3.83,2.95,2.85,-0.1,2.9,3.12,2.74,-0.38,2.93,3.6,3.23,-0.37,3.42,4.13,3.16,-0.97,3.65,2.91,2.7,-0.21,2.81,2.6,2.82,0.22,2.71,2,2.82,0.82,2.41,3.18,2.76,-0.42,2.97
Fake_3,3,f_Abortion ban means jesus will return.png,3.2,3.2,0,3.2,3.71,2.9,-0.81,3.31,3.25,0.25,2.17,2.49,0.32,2.33,2.59,2.76,0.17,2.68,2.87,3.2,0.33,3.04,3.24,3.64,0.4,3.44,2.13,2.54,0.41,2.34,2.7,2.79,0.09,2.75,2.66,3.17,0.51,2.92,2.53,2.21,-0.32,2.37,2.95,2.66,-0.29,2.81,2.5,2.86,0.36,2.68,1.55,2.51,0.96,2.03,2.56,2.9,0.34,2.73
Fake_4,4,f_ahead of his possible arrest; jared kushner secretly leaves the country.jpeg,2.1,2.1,0,2.1,2.32,2.12,-0.2,2.22,2.16,0.84,2.56,2.83,0.27,2.7,2.78,2.45,-0.33,2.62,3.9,3.6,-0.3,3.75,3.25,3.28,0.03,3.27,2.89,2.95,0.06,2.92,2.75,2.44,-0.31,2.6,2.7,2.71,0.01,2.71,2.6,2.4,-0.2,2.5,2.95,2.68,-0.27,2.82,2.62,2.73,0.11,2.68,2.17,2.51,0.34,2.34,2.28,2.08,-0.2,2.18
Fake_5,5,f_all 9 just found dead.jpeg,3.77,3.17,-0.6,3.47,3.73,3.16,-0.57,3.45,3.46,0.46,2.06,2.5,0.44,2.28,2.63,2.78,0.15,2.71,4.09,3.93,-0.16,4.01,4.39,3.62,-0.77,4.01,2.8,2.64,-0.16,2.72,3.14,2.76,-0.38,2.95,3.45,3.41,-0.04,3.43,4.04,3.22,-0.82,3.63,2.88,2.67,-0.21,2.78,2.55,2.59,0.04,2.57,1.74,2.43,0.69,2.09,2.88,3.05,0.17,2.97
Fake_6,6,f_assange- pardon in exchange for name of dem who leaked emails.jpeg,3.91,3.12,-0.79,3.52,3.91,3.55,-0.36,3.73,3.62,0.62,2.65,2.92,0.27,2.79,2.88,2.89,0.01,2.89,3.75,3.43,-0.32,3.59,4,3.63,-0.37,3.82,2.68,2.57,-0.11,2.63,3.09,2.36,-0.73,2.73,2.48,2.65,0.17,2.57,2.53,2.43,-0.1,2.48,2.78,2.65,-0.13,2.72,2.67,2.75,0.08,2.71,1.8,2.38,0.58,2.09,2.82,2.23,-0.59,2.53
Fake_7,7,f_baltimore mayor to spite trump with taco trucks on every corner.jpeg,2.25,2.1,-0.15,2.18,2.48,2.85,0.37,2.67,2.42,0.58,2.45,2.42,-0.03,2.44,2.29,2.37,0.08,2.33,2,2.46,0.46,2.23,1.98,1.95,-0.03,1.97,2.42,2.35,-0.07,2.39,2.07,1.71,-0.36,1.89,1.46,1.68,0.22,1.57,1.93,1.73,-0.2,1.83,2.92,2.83,-0.09,2.88,2.67,2.66,-0.01,2.67,2.17,2.15,-0.02,2.16,2.05,1.83,-0.22,1.94
Fake_8,8,f_barack obama arrested in a japanese drug bust.jpeg,4.53,4.02,-0.51,4.28,4.27,3.93,-0.34,4.1,4.19,1.19,1.23,1.51,0.28,1.37,1.96,1.8,-0.16,1.88,4.12,4.04,-0.08,4.08,4.46,3.78,-0.68,4.12,2.95,3.02,0.07,2.99,3.42,3.12,-0.3,3.27,3.24,3.33,0.09,3.29,3.12,3.22,0.1,3.17,2.92,2.8,-0.12,2.86,2.46,2.85,0.39,2.66,2.08,2.84,0.76,2.46,3.12,2.9,-0.22,3.01
Fake_9,9,f_big democrat hailed out of disney world in handcuffs screaming.jpeg,4.36,3.43,-0.93,3.9,4.24,4.08,-0.16,4.16,4.03,1.03,1.75,2.22,0.47,1.99,2.37,2.13,-0.24,2.25,2.36,2.92,0.56,2.64,2.73,3.1,0.37,2.92,2.26,2.43,0.17,2.35,2.51,2.44,-0.07,2.48,2.2,2.86,0.66,2.53,2.15,2.36,0.21,2.26,2.84,2.59,-0.25,2.72,2.63,2.82,0.19,2.73,1.64,2.27,0.63,1.96,2.71,2.33,-0.38,2.52
Fake_10,10,f_Bill Clintons love child found dead.jpeg,4.15,3.48,-0.67,3.82,4.02,3.55,-0.47,3.79,3.8,0.8,1.58,2.07,0.49,1.83,2.49,3.03,0.54,2.76,3.37,3.11,-0.26,3.24,3.32,3.03,-0.29,3.18,2.69,2.23,-0.46,2.46,2.34,2.34,0,2.34,2.72,2.38,-0.34,2.55,2.51,2.48,-0.03,2.5,2.88,2.59,-0.29,2.74,2.61,2.66,0.05,2.64,1.63,2.16,0.53,1.9,2.51,2.28,-0.23,2.4
Fake_11,11,f_BLM thug shoots himself.jpeg,3.58,3.11,-0.47,3.35,3.59,3,-0.59,3.3,3.32,0.32,2.22,2.33,0.11,2.28,2.91,2.67,-0.24,2.79,2.69,2.61,-0.08,2.65,2.53,2.92,0.39,2.73,2.31,2.1,-0.21,2.21,2.65,2.26,-0.39,2.46,2.59,2.69,0.1,2.64,2.59,2.56,-0.03,2.58,2.69,2.8,0.11,2.75,2.41,2.67,0.26,2.54,1.82,2.31,0.49,2.07,2.59,2.26,-0.33,2.43
Fake_12,12,f_breaking leftist pervert david hogg under investigation.jpeg,4.31,3.2,-1.11,3.76,3.93,3.71,-0.22,3.82,3.79,0.79,2.27,2.54,0.27,2.41,3.44,2.69,-0.75,3.07,2.71,2.87,0.16,2.79,3.11,2.76,-0.35,2.94,1.96,2.13,0.17,2.05,2.52,2.24,-0.28,2.38,2.47,2.72,0.25,2.6,2.19,2.47,0.28,2.33,2.9,2.56,-0.34,2.73,2.67,2.69,0.02,2.68,1.49,2.24,0.75,1.87,2.48,2.22,-0.26,2.35
Fake_13,13,f_breaking- captures ISIS leader had obama on speed dial.jpeg,4.36,3.69,-0.67,4.03,4.34,3.56,-0.78,3.95,3.99,0.99,1.59,1.96,0.37,1.78,2.15,2.27,0.12,2.21,4.11,3.65,-0.46,3.88,4.17,4.22,0.05,4.2,2.7,2.67,-0.03,2.69,3.15,2.83,-0.32,2.99,3.3,3.02,-0.28,3.16,3.6,3.37,-0.23,3.49,2.87,2.64,-0.23,2.76,2.57,2.73,0.16,2.65,1.87,2.45,0.58,2.16,3.17,2.85,-0.32,3.01
Fake_14,14,f_breaking- over 500 migrant caravaners arrested with suicide vests.jpeg,4.26,3.56,-0.7,3.91,3.86,3.64,-0.22,3.75,3.83,0.83,1.6,2.2,0.6,1.9,2.17,2.22,0.05,2.2,4.27,4.14,-0.13,4.21,4.14,3.92,-0.22,4.03,3.15,2.66,-0.49,2.91,2.86,3.14,0.28,3,3.69,3.66,-0.03,3.68,3.83,3.81,-0.02,3.82,2.87,2.74,-0.13,2.81,2.63,2.67,0.04,2.65,2.13,2.96,0.83,2.55,2.6,3.19,0.59,2.9
Fake_15,15,f_brooks says trump should be assassinated.jpeg,2.47,2.23,-0.24,2.35,2.89,2.71,-0.18,2.8,2.58,0.43,2.85,2.7,-0.15,2.78,3.29,2.57,-0.72,2.93,3.76,3.73,-0.03,3.75,4.08,3.8,-0.28,3.94,3.05,3.23,0.18,3.14,3.26,2.57,-0.69,2.92,2.73,2.57,-0.16,2.65,3.84,3.56,-0.28,3.7,2.69,2.55,-0.14,2.62,2.42,2.71,0.29,2.57,2,2.86,0.86,2.43,2.82,2.71,-0.11,2.77
Fake_16,16,f_clint eastwood leaves his estate to the trump 2020 campaign.jpeg,4.16,3.72,-0.44,3.94,4.31,4.04,-0.27,4.18,4.06,1.06,2.25,2.38,0.13,2.32,2.24,1.93,-0.31,2.09,2.53,2.9,0.37,2.72,2.88,3.17,0.29,3.03,2.08,2.11,0.03,2.1,2.69,2.7,0.01,2.7,1.96,2.49,0.53,2.23,1.57,1.85,0.28,1.71,2.8,2.84,0.04,2.82,2.67,2.74,0.07,2.71,1.9,2.21,0.31,2.06,2.73,2.43,-0.3,2.58
Fake_17,17,f_CNN shocks america fires journalist.jpeg,3.5,2.75,-0.75,3.13,3.33,3.36,0.03,3.35,3.24,0.24,2.81,2.96,0.15,2.89,3.28,2.82,-0.46,3.05,2.4,2.92,0.52,2.66,2.51,2.45,-0.06,2.48,1.92,2.29,0.37,2.11,2.41,1.7,-0.71,2.06,1.65,2.12,0.47,1.89,1.92,2.03,0.11,1.98,2.87,2.56,-0.31,2.72,2.54,2.82,0.28,2.68,1.63,2.42,0.79,2.03,2.46,2,-0.46,2.23
Fake_18,18,f_cop that charged bill clinton found dead.jpeg,3.74,3.02,-0.72,3.38,3.94,3.7,-0.24,3.82,3.6,0.6,2.41,2.68,0.27,2.55,3.06,2.8,-0.26,2.93,3.24,3.11,-0.13,3.18,3.56,3.63,0.07,3.6,2.37,2.41,0.04,2.39,2.59,2.78,0.19,2.69,2.58,2.8,0.22,2.69,3.09,3.11,0.02,3.1,2.93,2.7,-0.23,2.82,2.5,2.8,0.3,2.65,1.98,2.59,0.61,2.29,2.84,2.65,-0.19,2.75
Fake_19,19,f_denzel washington supports trump.jpeg,4.44,3.64,-0.8,4.04,4.37,3.75,-0.62,4.06,4.05,1.05,2,1.99,-0.01,2,3.07,2.78,-0.29,2.93,2.77,2.91,0.14,2.84,3.43,3.42,-0.01,3.43,2.18,2.01,-0.17,2.1,3.03,2.92,-0.11,2.98,2.07,2.48,0.41,2.28,2.03,2.11,0.08,2.07,2.95,2.78,-0.17,2.87,2.6,2.58,-0.02,2.59,1.59,2.03,0.44,1.81,3.3,2.39,-0.91,2.85
Fake_20,20,f_devos to strike more than 4.5 billion years of earth's history from school curriculum.jpeg,2.56,2.4,-0.16,2.48,2.82,2.81,-0.01,2.82,2.65,0.35,2.69,2.63,-0.06,2.66,2.39,2.39,0,2.39,4.16,3.75,-0.41,3.96,3.84,3.42,-0.42,3.63,2.63,2.61,-0.02,2.62,2.58,2.75,0.17,2.67,3.51,3.4,-0.11,3.46,3.08,3.11,0.03,3.1,2.79,2.72,-0.07,2.76,2.63,2.75,0.12,2.69,2.27,2.8,0.53,2.54,2.58,2.47,-0.11,2.53
Fake_21,21,f_donald trump jr set recor for most tinder elft swipes.jpeg,2.64,2.71,0.07,2.68,2.66,2.49,-0.17,2.58,2.63,0.38,1.74,2.48,0.74,2.11,2.28,2.15,-0.13,2.22,1.54,2.03,0.49,1.79,1.74,1.95,0.21,1.85,1.72,1.86,0.14,1.79,1.87,1.82,-0.05,1.85,1.46,1.81,0.35,1.64,1.77,1.54,-0.23,1.66,2.98,2.73,-0.25,2.86,2.7,2.85,0.15,2.78,1.4,1.97,0.57,1.69,2,1.67,-0.33,1.84
Fake_22,22,f_donald trump signs executive order allowing the hunting of bald eagles.jpeg,2.18,2,-0.18,2.09,2.6,2.25,-0.35,2.43,2.26,0.74,2.12,2.26,0.14,2.19,2.34,1.86,-0.48,2.1,3.76,4.2,0.44,3.98,3.57,3.83,0.26,3.7,2.41,2.52,0.11,2.47,2.71,2.25,-0.46,2.48,3.41,4.15,0.74,3.78,3.23,3.14,-0.09,3.19,2.8,2.72,-0.08,2.76,2.57,2.72,0.15,2.65,2.37,3.57,1.2,2.97,2.71,2.56,-0.15,2.64
Fake_23,23,f_eric schneiderman helped sell sex slaves.jpeg,4.31,3.83,-0.48,4.07,4.42,3.7,-0.72,4.06,4.07,1.07,1.5,1.86,0.36,1.68,2.48,2.64,0.16,2.56,4.29,4,-0.29,4.15,4.35,3.91,-0.44,4.13,2.74,2.55,-0.19,2.65,3.32,2.76,-0.56,3.04,3.54,3.71,0.17,3.63,3.87,3.91,0.04,3.89,2.83,2.75,-0.08,2.79,2.71,2.76,0.05,2.74,1.61,2.97,1.36,2.29,3.35,2.97,-0.38,3.16
Fake_24,24,f_eric trump- father's tax return is irrelevant.jpeg,2.72,2.92,0.2,2.82,2.74,2.88,0.14,2.81,2.82,0.19,2.51,2.52,0.01,2.52,1.88,2.15,0.27,2.02,4.05,3.83,-0.22,3.94,3.47,3.98,0.51,3.73,2.56,2.27,-0.29,2.42,2.29,2.44,0.15,2.37,3.72,3.42,-0.3,3.57,2.09,2.83,0.74,2.46,2.82,2.62,-0.2,2.72,2.71,2.73,0.02,2.72,2.14,2.77,0.63,2.46,2.35,2.24,-0.11,2.3
Fake_25,25,f_Ginsburg taken to hospital.jpeg,3.7,3.07,-0.63,3.39,3.48,3.44,-0.04,3.46,3.42,0.42,3.04,3.55,0.51,3.3,3.05,3.71,0.66,3.38,4.2,3.88,-0.32,4.04,3.95,3.93,-0.02,3.94,2.24,2.52,0.28,2.38,2.38,2.71,0.33,2.55,3.7,3.38,-0.32,3.54,3,2.71,-0.29,2.86,2.5,2.32,-0.18,2.41,2.62,2.42,-0.2,2.52,2.46,2.8,0.34,2.63,2.1,2.67,0.57,2.39
Fake_26,26,f_go buy Ivankas stuff!.jpeg,2.68,3.2,0.52,2.94,2.67,2.65,-0.02,2.66,2.8,0.2,1.76,2.2,0.44,1.98,1.98,1.77,-0.21,1.88,2.67,2.42,-0.25,2.55,2.67,2.47,-0.2,2.57,1.76,1.88,0.12,1.82,2.33,1.86,-0.47,2.1,2.6,2.29,-0.31,2.45,2.12,1.77,-0.35,1.95,2.84,2.84,0,2.84,2.73,2.86,0.13,2.8,2.02,1.76,-0.26,1.89,2.51,2.09,-0.42,2.3
Fake_27,27,f_haiti official who exposed the clinton foundation found dead.jpeg,4.37,3.63,-0.74,4,4.21,3.73,-0.48,3.97,3.99,0.99,2.78,2.76,-0.02,2.77,3.26,3.31,0.05,3.29,3.76,3.59,-0.17,3.68,4.27,3.44,-0.83,3.86,2.76,2.37,-0.39,2.57,3.18,2.56,-0.62,2.87,2.86,2.78,-0.08,2.82,3.18,3.13,-0.05,3.16,2.75,2.67,-0.08,2.71,2.68,2.46,-0.22,2.57,1.94,2.41,0.47,2.18,2.79,2.83,0.04,2.81
Fake_28,28,f_hillary clinton accepted $30;000 donation from child sex cult.jpeg,4.42,3.85,-0.57,4.14,4.43,4.14,-0.29,4.29,4.21,1.21,1.96,2.1,0.14,2.03,2.9,3.02,0.12,2.96,3.68,3.34,-0.34,3.51,3.92,4.07,0.15,4,2.66,2.29,-0.37,2.48,2.8,2.6,-0.2,2.7,3.16,2.85,-0.31,3.01,3.52,3.36,-0.16,3.44,2.66,2.55,-0.11,2.61,2.57,2.64,0.07,2.61,1.9,2.58,0.68,2.24,3.03,2.78,-0.25,2.91
Fake_29,29,f_hillary clinton has thrid heart attack.jpeg,4.05,3.52,-0.53,3.79,3.68,3.73,0.05,3.71,3.75,0.75,1.38,1.76,0.38,1.57,1.84,2.32,0.48,2.08,4.37,4.04,-0.33,4.21,4.12,3.76,-0.36,3.94,2.46,2.65,0.19,2.56,2.68,2.59,-0.09,2.64,3.57,3.22,-0.35,3.4,3.16,2.59,-0.57,2.88,2.89,2.89,0,2.89,2.68,2.78,0.1,2.73,2.36,2.96,0.6,2.66,2.88,2.78,-0.1,2.83
Fake_30,30,f_hispanic woman claims love child with trump.jpeg,1.55,2.2,0.65,1.88,2,2.04,0.04,2.02,1.95,1.05,1.84,3.02,1.18,2.43,2.15,2.02,-0.13,2.09,3.36,3.28,-0.08,3.32,2.83,2.63,-0.2,2.73,2.57,3.04,0.47,2.81,2.5,2.25,-0.25,2.38,2.29,2.64,0.35,2.47,2.05,2.1,0.05,2.08,2.93,2.6,-0.33,2.77,2.57,2.85,0.28,2.71,1.9,3.08,1.18,2.49,2.5,1.9,-0.6,2.2
Fake_31,31,f_illinois democrats pass bill forcing kids to attend obscene LGBT classes.jpeg,3.97,2.92,-1.05,3.45,3.53,3.3,-0.23,3.42,3.43,0.43,1.85,2.2,0.35,2.03,2.78,2.7,-0.08,2.74,3.68,3.37,-0.31,3.53,3.96,3.7,-0.26,3.83,2.05,2.47,0.42,2.26,2.56,2.26,-0.3,2.41,2.92,3.02,0.1,2.97,3.87,3.44,-0.43,3.66,2.85,2.69,-0.16,2.77,2.6,2.89,0.29,2.75,1.63,2.49,0.86,2.06,3.09,2.56,-0.53,2.83
Fake_32,32,f_journalist who filmed trump sobbing in garden still in custody.jpeg,2.2,2.41,0.21,2.31,2.11,2.29,0.18,2.2,2.25,0.75,1.64,2.41,0.77,2.03,1.87,1.87,0,1.87,3.15,3.02,-0.13,3.09,2.55,3,0.45,2.78,2.42,2.53,0.11,2.48,2.09,2.21,0.12,2.15,2.56,2.73,0.17,2.65,2.05,2.42,0.37,2.24,2.93,2.78,-0.15,2.86,2.82,2.71,-0.11,2.77,1.95,2.73,0.78,2.34,1.84,2.08,0.24,1.96
Fake_33,33,f_kenya releases obamas birth certificate.png,4.29,3.65,-0.64,3.97,4.35,3.44,-0.91,3.9,3.93,0.93,1.5,2.29,0.79,1.9,2.68,2.81,0.13,2.75,3.49,3.24,-0.25,3.37,3.92,3.5,-0.42,3.71,2.13,2.33,0.2,2.23,3.05,2.6,-0.45,2.83,2.31,2.08,-0.23,2.2,2.76,2.46,-0.3,2.61,2.64,2.41,-0.23,2.53,2.41,2.44,0.03,2.43,1.61,2.61,1,2.11,2.95,2.96,0.01,2.96
Fake_34,34,f_liberal celebrities arrested for conspiracy to assasinate trump.jpeg,4.07,3.36,-0.71,3.72,3.87,3.15,-0.72,3.51,3.61,0.61,1.69,2.19,0.5,1.94,2.39,3.07,0.68,2.73,4.19,3.84,-0.35,4.02,4.48,4.24,-0.24,4.36,3.15,3.13,-0.02,3.14,3.26,2.71,-0.55,2.99,3.6,2.95,-0.65,3.28,3.83,3.59,-0.24,3.71,2.85,2.7,-0.15,2.78,2.57,2.71,0.14,2.64,2.63,3.13,0.5,2.88,2.91,3.12,0.21,3.02
Fake_35,35,f_liberals at UT austin want masculinity designated as a mental illness.jpeg,3.79,2.95,-0.84,3.37,3.2,3.04,-0.16,3.12,3.25,0.25,1.9,2.19,0.29,2.05,2.88,2.08,-0.8,2.48,2.79,2.9,0.11,2.85,2.93,2.23,-0.7,2.58,2.1,2.16,0.06,2.13,2.18,2.04,-0.14,2.11,2.65,2.9,0.25,2.78,3.05,2.35,-0.7,2.7,2.85,2.66,-0.19,2.76,2.63,2.65,0.02,2.64,1.9,2.64,0.74,2.27,2.65,2.19,-0.46,2.42
Fake_36,36,f_maine house democrats vote to allow female genital mutilation.jpeg,3.97,3.4,-0.57,3.69,3.88,3.79,-0.09,3.84,3.76,0.76,1.41,1.73,0.32,1.57,1.93,1.82,-0.11,1.88,4.45,3.76,-0.69,4.11,4.37,4.09,-0.28,4.23,2.62,2.45,-0.17,2.54,2.54,2.35,-0.19,2.45,4.09,3.73,-0.36,3.91,4.05,3.97,-0.08,4.01,2.89,2.56,-0.33,2.73,2.63,2.74,0.11,2.69,2.05,2.56,0.51,2.31,2.66,2.94,0.28,2.8
Fake_37,37,f_malia obama among 10 arrested.jpeg,4.42,3.68,-0.74,4.05,4.03,3.85,-0.18,3.94,4,1,1.5,1.51,0.01,1.51,2.25,1.88,-0.37,2.07,3.29,3.11,-0.18,3.2,3.78,3.47,-0.31,3.63,2.44,2.68,0.24,2.56,3.14,3.1,-0.04,3.12,2.78,3,0.22,2.89,2.89,3.12,0.23,3.01,2.86,2.74,-0.12,2.8,2.42,2.78,0.36,2.6,1.67,2.32,0.65,2,2.86,2.51,-0.35,2.69
Fake_38,38,f_nancy pelosi's son arrested for murder.jpeg,4.25,3.71,-0.54,3.98,4,3.87,-0.13,3.94,3.96,0.96,1.62,2.21,0.59,1.92,2.32,2.63,0.31,2.48,3.79,3.62,-0.17,3.71,3.95,3.57,-0.38,3.76,2.78,2.44,-0.34,2.61,3.05,2.3,-0.75,2.68,2.81,3,0.19,2.91,3.16,2.63,-0.53,2.9,2.94,2.73,-0.21,2.84,2.65,2.73,0.08,2.69,2.02,2.32,0.3,2.17,2.86,2.27,-0.59,2.57
Fake_39,39,f_new black panthers came dangerously close to president trump.jpeg,3.72,3.07,-0.65,3.4,3.36,3.47,0.11,3.42,3.41,0.41,2.12,2.4,0.28,2.26,2.54,2.65,0.11,2.6,3.98,3.86,-0.12,3.92,4.13,4.23,0.1,4.18,2.7,2.95,0.25,2.83,3.1,3.02,-0.08,3.06,2.95,3.07,0.12,3.01,3.56,3.93,0.37,3.75,2.91,2.81,-0.1,2.86,2.69,2.84,0.15,2.77,2.07,2.7,0.63,2.39,2.85,3.07,0.22,2.96
Fake_40,40,f_palin nugent visit white house.jpeg,3.02,2.81,-0.21,2.92,3.19,3.31,0.12,3.25,3.08,0.08,2.86,2.68,-0.18,2.77,2.94,2.63,-0.31,2.79,2,2.23,0.23,2.12,2.44,2.09,-0.35,2.27,1.8,1.89,0.09,1.85,2.14,1.91,-0.23,2.03,1.66,2.13,0.47,1.9,2.03,1.86,-0.17,1.95,2.73,2.7,-0.03,2.72,2.36,2.6,0.24,2.48,1.64,2.04,0.4,1.84,2.28,2.17,-0.11,2.23
Fake_41,41,f_Pelosi arrested.jpeg,4.24,3.6,-0.64,3.92,4.52,3.9,-0.62,4.21,4.07,1.07,1.5,2.24,0.74,1.87,1.71,2.5,0.79,2.11,4.31,3.97,-0.34,4.14,4.55,4.17,-0.38,4.36,3.44,2.95,-0.49,3.2,3.52,3.38,-0.14,3.45,3.33,3.24,-0.09,3.29,2.61,2.36,-0.25,2.49,2.94,2.71,-0.23,2.83,2.71,2.57,-0.14,2.64,2.02,2.82,0.8,2.42,3.55,2.81,-0.74,3.18
Fake_42,42,f_mexico will atack US with missiles.png,3.71,3.16,-0.55,3.44,3.6,3.34,-0.26,3.47,3.45,0.45,1.79,2.24,0.45,2.02,2.62,2.39,-0.23,2.51,4.16,3.98,-0.18,4.07,4.45,3.61,-0.84,4.03,2.51,2.47,-0.04,2.49,3.09,2.59,-0.5,2.84,2.97,3.6,0.63,3.29,3.79,3.11,-0.68,3.45,2.9,2.75,-0.15,2.83,2.64,2.82,0.18,2.73,1.82,3.15,1.33,2.49,3.13,2.91,-0.22,3.02
Fake_43,43,f_michelle plans to run in 2020.png,1.76,1.73,-0.03,1.75,2.24,2.18,-0.06,2.21,1.98,1.02,1.65,2.23,0.58,1.94,2.54,2.57,0.03,2.56,4.44,4.17,-0.27,4.31,4.11,3.68,-0.43,3.9,3.56,3.63,0.07,3.6,2.73,2.79,0.06,2.76,1.41,1.94,0.53,1.68,2.46,2.82,0.36,2.64,2.95,2.54,-0.41,2.75,2.62,2.64,0.02,2.63,3.13,3.85,0.72,3.49,2.76,3.07,0.31,2.92
Fake_44,44,f_president trump fires all 14 muslim federal judges.jpeg,2.93,2.49,-0.44,2.71,2.02,2.28,0.26,2.15,2.43,0.57,2.07,2.69,0.62,2.38,1.76,2.35,0.59,2.06,4.39,3.96,-0.43,4.18,4.12,3.7,-0.42,3.91,2.44,3.04,0.6,2.74,2.66,2.47,-0.19,2.57,3.79,3.65,-0.14,3.72,3.12,2.95,-0.17,3.04,2.89,2.69,-0.2,2.79,2.54,2.79,0.25,2.67,2.21,3.27,1.06,2.74,2.59,2.19,-0.4,2.39
Fake_45,45,f_republican senator unveils plan to send teachers to marine bootcamp.jpeg,2.75,2.65,-0.1,2.7,3.19,2.57,-0.62,2.88,2.79,0.21,2.06,2.04,-0.02,2.05,2.35,1.89,-0.46,2.12,3.7,3.51,-0.19,3.61,3.67,3.37,-0.3,3.52,2.44,2.25,-0.19,2.35,2.78,2.41,-0.37,2.6,3.1,3.12,0.02,3.11,2.78,2.39,-0.39,2.59,2.85,2.69,-0.16,2.77,2.54,2.74,0.2,2.64,2.29,3.04,0.75,2.67,3.32,2.52,-0.8,2.92
Fake_46,46,f_rosa parks' granddaughter blasts liberals.jpeg,4.05,3.15,-0.9,3.6,3.95,3.64,-0.31,3.8,3.7,0.7,2.68,2.69,0.01,2.69,3.61,3.36,-0.25,3.49,2.9,3.13,0.23,3.02,3.35,3.56,0.21,3.46,2.44,2.67,0.23,2.56,3.08,2.78,-0.3,2.93,2.15,2.2,0.05,2.18,2.1,2.17,0.07,2.14,2.88,2.67,-0.21,2.78,2.49,2.61,0.12,2.55,2.13,2.7,0.57,2.42,3.12,3.33,0.21,3.23
Fake_47,47,f_rubio rape victims should be in custody if there is suspicion that they're planning abortion.jpeg,2.38,2.71,0.33,2.55,2.7,2.5,-0.2,2.6,2.57,0.43,2.48,2.63,0.15,2.56,2.36,2.26,-0.1,2.31,4.36,3.9,-0.46,4.13,4.02,3.74,-0.28,3.88,2.66,2.51,-0.15,2.59,2.64,2.37,-0.27,2.51,4.09,3.78,-0.31,3.94,3.61,3.08,-0.53,3.35,2.86,2.63,-0.23,2.75,2.57,2.68,0.11,2.63,2.48,3.02,0.54,2.75,2.66,2.58,-0.08,2.62
Fake_48,48,f_the dating website for trump supporters finally attracted its first female member.jpeg,2.84,3.08,0.24,2.96,2.34,3.1,0.76,2.72,2.84,0.16,2.22,2.77,0.55,2.5,1.94,1.97,0.03,1.96,1.47,2.37,0.9,1.92,2.12,2.1,-0.02,2.11,1.55,2.02,0.47,1.79,2.06,1.67,-0.39,1.87,1.33,2.53,1.2,1.93,2.13,1.49,-0.64,1.81,2.87,2.83,-0.04,2.85,2.81,2.9,0.09,2.86,1.62,2.5,0.88,2.06,2.22,1.85,-0.37,2.04
Fake_49,49,f_the obama foundation just broke its first federal law.jpeg,4.43,3.85,-0.58,4.14,4.21,4.12,-0.09,4.17,4.15,1.15,2.11,2.25,0.14,2.18,3.09,3.41,0.32,3.25,3.66,3.54,-0.12,3.6,3.85,3.8,-0.05,3.83,2.17,2.38,0.21,2.28,3,2.82,-0.18,2.91,2.55,2.79,0.24,2.67,3.12,3.04,-0.08,3.08,2.92,2.52,-0.4,2.72,2.35,2.59,0.24,2.47,1.64,2.37,0.73,2.01,2.88,2.82,-0.06,2.85
Fake_50,50,f_trojan names condom after trump.png,2.6,2.3,-0.3,2.45,2.38,2.62,0.24,2.5,2.48,0.53,2.12,2.26,0.14,2.19,2.11,2.13,0.02,2.12,1.39,1.9,0.51,1.65,1.92,1.95,0.03,1.94,2.04,1.79,-0.25,1.92,2.05,1.87,-0.18,1.96,1.65,1.72,0.07,1.69,1.92,1.97,0.05,1.95,2.95,2.8,-0.15,2.88,2.78,2.79,0.01,2.79,2.14,1.97,-0.17,2.06,2,1.64,-0.36,1.82
Fake_51,51,f_trump advisor denies moon landing.png,2.22,2.28,0.06,2.25,2.12,2.36,0.24,2.24,2.25,0.76,2.46,3.04,0.58,2.75,2,2.27,0.27,2.14,3.6,3.17,-0.43,3.39,3.45,3.3,-0.15,3.38,2.32,2.67,0.35,2.5,2.3,2.7,0.4,2.5,3.09,2.87,-0.22,2.98,2.55,2.79,0.24,2.67,2.88,2.72,-0.16,2.8,2.76,2.58,-0.18,2.67,2.04,2.72,0.68,2.38,1.88,2.67,0.79,2.28
Fake_52,52,f_trump attacks buzz aldrin back- it was all fake news.jpeg,2.38,2.43,0.05,2.41,2.37,2.54,0.17,2.46,2.43,0.57,2.45,2.92,0.47,2.69,2.09,2.39,0.3,2.24,3.48,3.12,-0.36,3.3,2.94,3.22,0.28,3.08,2.5,2.49,-0.01,2.5,2.4,2.28,-0.12,2.34,2.5,2.67,0.17,2.59,2.09,2.65,0.56,2.37,2.81,2.63,-0.18,2.72,2.71,2.59,-0.12,2.65,2.17,2.98,0.81,2.58,2.2,2.59,0.39,2.4
Fake_53,53,f_trump ban gay tv shows.jpeg,3.08,2.89,-0.19,2.99,2.91,2.91,0,2.91,2.95,0.05,2.12,2.6,0.48,2.36,2.11,1.94,-0.17,2.03,4.02,3.93,-0.09,3.98,3.23,3.06,-0.17,3.15,2.48,2.58,0.1,2.53,2.2,2.38,0.18,2.29,3.44,3.13,-0.31,3.29,2.06,2.43,0.37,2.25,2.82,2.87,0.05,2.85,2.57,2.63,0.06,2.6,2.52,2.91,0.39,2.72,2.29,2.31,0.02,2.3
Fake_54,54,f_Trump ban veils.jpeg,2.66,2.47,-0.19,2.57,2.56,2.54,-0.02,2.55,2.56,0.44,2.31,3.11,0.8,2.71,2.59,2.73,0.14,2.66,4.05,3.89,-0.16,3.97,3.78,3.8,0.02,3.79,2.26,2.79,0.53,2.53,2.44,2.66,0.22,2.55,3.41,3.51,0.1,3.46,2.41,2.76,0.35,2.59,2.86,2.53,-0.33,2.7,2.63,2.78,0.15,2.71,1.79,3.04,1.25,2.42,2.44,2.37,-0.07,2.41
Fake_55,55,f_trump bringing back the draft.jpeg,3.09,3.17,0.08,3.13,3.24,2.69,-0.55,2.97,3.05,0.05,2.38,3.03,0.65,2.71,3.08,2.98,-0.1,3.03,4.62,3.95,-0.67,4.29,4.35,3.95,-0.4,4.15,2.42,2.55,0.13,2.49,2.95,2.76,-0.19,2.86,3.74,3.64,-0.1,3.69,3.24,3.02,-0.22,3.13,2.77,2.52,-0.25,2.65,2.3,2.57,0.27,2.44,2.81,3.66,0.85,3.24,3.97,3.12,-0.85,3.55
Fake_56,56,f_trump organization wins lucrative contract to rebuild syrian airport.jpeg,3.07,2.83,-0.24,2.95,2.82,2.75,-0.07,2.79,2.87,0.13,2.75,2.89,0.14,2.82,2.49,2.41,-0.08,2.45,3.42,3.3,-0.12,3.36,3.37,3.35,-0.02,3.36,2.23,2.31,0.08,2.27,2.39,2.35,-0.04,2.37,2.82,2.78,-0.04,2.8,2.22,2.35,0.13,2.29,2.88,2.78,-0.1,2.83,2.65,2.59,-0.06,2.62,2.23,2.66,0.43,2.45,2.49,2.22,-0.27,2.36
Fake_57,57,f_trump pays giuliani 130k to stay silent.jpeg,2.07,2,-0.07,2.04,2.38,2.26,-0.12,2.32,2.18,0.82,2.72,2.98,0.26,2.85,2.5,2.59,0.09,2.55,3.43,3.54,0.11,3.49,3.44,3,-0.44,3.22,2.31,2.59,0.28,2.45,2.69,1.91,-0.78,2.3,2.67,3.02,0.35,2.85,3.06,2.28,-0.78,2.67,2.83,2.76,-0.07,2.8,2.41,2.74,0.33,2.58,2.02,2.66,0.64,2.34,2.41,1.87,-0.54,2.14
Fake_58,58,f_Trump protester paid 3500.jpeg,3.6,2.52,-1.08,3.06,3.55,3.3,-0.25,3.43,3.24,0.24,2.39,2.98,0.59,2.69,3.06,3.59,0.53,3.33,3.3,3.31,0.01,3.31,3.65,4,0.35,3.83,2.39,2.47,0.08,2.43,2.55,2.96,0.41,2.76,2.8,2.79,-0.01,2.8,2.87,3.19,0.32,3.03,2.63,2.66,0.03,2.65,2.45,2.56,0.11,2.51,2.33,2.66,0.33,2.5,2.55,3.3,0.75,2.93
Fake_59,59,f_trump reveals which dem president was also KKK member.jpeg,4.25,3.54,-0.71,3.9,4.31,3.69,-0.62,4,3.95,0.95,1.73,2.55,0.82,2.14,2.16,2.54,0.38,2.35,3.53,3.45,-0.08,3.49,3.31,3.26,-0.05,3.29,2.49,2.56,0.07,2.53,2.75,2.66,-0.09,2.71,3.05,3.18,0.13,3.12,2.97,2.4,-0.57,2.69,2.87,2.71,-0.16,2.79,2.66,2.83,0.17,2.75,1.78,2.57,0.79,2.18,3.25,2.68,-0.57,2.97
Fake_60,60,f_trump sent plane for marines.jpeg,4.45,3.76,-0.69,4.11,4.55,3.89,-0.66,4.22,4.16,1.16,2.53,2.42,-0.11,2.48,3.5,3.63,0.13,3.57,3.18,3.27,0.09,3.23,3.98,3.88,-0.1,3.93,2.51,2.69,0.18,2.6,3.45,3.44,-0.01,3.45,1.59,2.06,0.47,1.83,1.52,2.3,0.78,1.91,2.82,2.71,-0.11,2.77,2.68,2.56,-0.12,2.62,1.98,2.42,0.44,2.2,3.32,3.22,-0.1,3.27
Fake_61,61,f_Trump stops Obama's mandatory muslim prayers.jpeg,3.96,3.21,-0.75,3.59,3.29,3.43,0.14,3.36,3.47,0.47,1.59,2.13,0.54,1.86,2.34,2.45,0.11,2.4,2.43,3.04,0.61,2.74,2.92,2.93,0.01,2.93,1.78,2.3,0.52,2.04,2.21,2.19,-0.02,2.2,2.14,2.64,0.5,2.39,1.95,2.33,0.38,2.14,2.94,2.69,-0.25,2.82,2.71,2.76,0.05,2.74,1.43,2.6,1.17,2.02,2.37,2.43,0.06,2.4
Fake_62,62,f_trump threatens to cancel israel visit.jpeg,2.09,2.2,0.11,2.15,2.06,2.4,0.34,2.23,2.19,0.81,1.82,2.31,0.49,2.07,1.39,1.63,0.24,1.51,1.97,2.24,0.27,2.11,1.61,2.1,0.49,1.86,1.87,1.92,0.05,1.9,1.55,1.85,0.3,1.7,2.21,2.17,-0.04,2.19,1.55,2.04,0.49,1.8,2.94,2.69,-0.25,2.82,2.74,2.75,0.01,2.75,1.91,2.32,0.41,2.12,1.9,1.88,-0.02,1.89
Fake_63,63,f_trump to deport melania.png,1.91,2.25,0.34,2.08,1.8,2.38,0.58,2.09,2.09,0.92,1.42,2.16,0.74,1.79,1.57,1.79,0.22,1.68,3.53,3.47,-0.06,3.5,3.47,3.15,-0.32,3.31,2.98,2.63,-0.35,2.81,2.59,2.15,-0.44,2.37,2.6,2.25,-0.35,2.43,2.62,2.53,-0.09,2.58,2.91,2.71,-0.2,2.81,2.8,2.65,-0.15,2.73,2.02,2.63,0.61,2.33,2.03,2.29,0.26,2.16
Fake_64,64,f_trump trades texas for wall.png,3.03,3,-0.03,3.02,2.37,2.62,0.25,2.5,2.76,0.25,1.74,1.79,0.05,1.77,1.95,1.85,-0.1,1.9,4.45,3.72,-0.73,4.09,4.42,3.82,-0.6,4.12,2.77,2.58,-0.19,2.68,3,3.05,0.05,3.03,3.44,3.11,-0.33,3.28,3.4,3.33,-0.07,3.37,2.76,2.6,-0.16,2.68,2.67,2.62,-0.05,2.65,2.56,2.72,0.16,2.64,2.72,3.05,0.33,2.89
Fake_65,65,f_trump wants to deport american indians to india.jpeg,1.94,2.35,0.41,2.15,1.84,2.09,0.25,1.97,2.06,0.95,1.87,2.45,0.58,2.16,1.69,1.93,0.24,1.81,4.33,4.2,-0.13,4.27,3.82,3.49,-0.33,3.66,2.42,2.53,0.11,2.48,2.16,2.35,0.19,2.26,3.5,3.85,0.35,3.68,3.02,3.28,0.26,3.15,2.88,2.71,-0.17,2.8,2.69,2.56,-0.13,2.63,2.77,3.2,0.43,2.99,1.96,2.79,0.83,2.38
Fake_66,66,f_trump's top scientist pick.jpeg,2.14,2.42,0.28,2.28,1.9,2.15,0.25,2.03,2.15,0.85,2.8,2.72,-0.08,2.76,1.74,2.15,0.41,1.95,3.73,3.02,-0.71,3.38,2.61,2.85,0.24,2.73,2.23,2.13,-0.1,2.18,1.81,1.85,0.04,1.83,3.78,3.02,-0.76,3.4,2.13,2.13,0,2.13,2.77,2.62,-0.15,2.7,2.9,2.78,-0.12,2.84,2.55,2.51,-0.04,2.53,1.74,2.13,0.39,1.94
Fake_67,67,f_trumps top repub rival surrenders.jpeg,3.95,3.48,-0.47,3.72,4.52,3.69,-0.83,4.11,3.91,0.91,2.84,2.37,-0.47,2.61,3,2.46,-0.54,2.73,3.39,3.52,0.13,3.46,3.32,3.67,0.35,3.5,2.35,2.29,-0.06,2.32,2.84,2.56,-0.28,2.7,2.79,2.82,0.03,2.81,1.67,2.16,0.49,1.92,2.84,2.68,-0.16,2.76,2.55,2.74,0.19,2.65,1.89,2.29,0.4,2.09,2.74,2.82,0.08,2.78
Fake_68,68,f_WH staffers defect releasing rivate trump tape recording.jpeg,1.67,1.98,0.31,1.83,2.29,2.19,-0.1,2.24,2.03,0.97,3.39,3.12,-0.27,3.26,2.82,3.07,0.25,2.95,3.89,3.68,-0.21,3.79,3.47,3.26,-0.21,3.37,2.81,2.94,0.13,2.88,2.88,2.21,-0.67,2.55,2.66,2.92,0.26,2.79,2.85,2.37,-0.48,2.61,2.73,2.65,-0.08,2.69,2.38,2.72,0.34,2.55,2.42,2.82,0.4,2.62,3.06,2.51,-0.55,2.79
Fake_69,69,f_white house chef quits because trump has only eaten fast food for 6 months.jpeg,2.37,2.51,0.14,2.44,2.35,2.91,0.56,2.63,2.54,0.47,2.76,2.88,0.12,2.82,2.16,2.15,-0.01,2.16,1.73,2.24,0.51,1.99,1.95,2.02,0.07,1.99,1.86,1.75,-0.11,1.81,1.92,2.02,0.1,1.97,1.49,1.82,0.33,1.66,1.68,1.77,0.09,1.73,2.8,2.69,-0.11,2.75,2.76,2.68,-0.08,2.72,1.82,2.25,0.43,2.04,2.22,2.11,-0.11,2.17
Fake_70,70,f_wounded social justice warrior project.png,2.52,2.52,0,2.52,2.75,2.59,-0.16,2.67,2.6,0.41,3.61,3.52,-0.09,3.57,3.73,3.22,-0.51,3.48,2.95,3.26,0.31,3.11,2.59,2.93,0.34,2.76,2.2,2.7,0.5,2.45,2.05,2.57,0.52,2.31,1.51,2.08,0.57,1.8,1.63,2.11,0.48,1.87,2.89,2.67,-0.22,2.78,2.75,2.7,-0.05,2.73,2.34,2.72,0.38,2.53,2.16,2.7,0.54,2.43
Hyperpartisan_1,1,h_afterinsultingalabamaresidents.jpg,4.12,3.53,-0.59,3.83,4.26,3.64,-0.62,3.95,3.89,0.89,3.29,3.83,0.54,3.56,4.68,4.92,0.24,4.8,2.77,3.15,0.38,2.96,2.82,3.08,0.26,2.95,1.83,2.39,0.56,2.11,2.18,2.21,0.03,2.2,1.92,2.24,0.32,2.08,2.09,1.92,-0.17,2.01,2.79,2.58,-0.21,2.69,2.82,2.31,-0.51,2.57,1.83,2.41,0.58,2.12,2.06,2.44,0.38,2.25
Hyperpartisan_2,2,h_alexandriaocasiocortexreportedlyran (2).jpg,4.22,3.41,-0.81,3.82,3.82,3.49,-0.33,3.66,3.74,0.74,3.19,3.39,0.2,3.29,4.91,4.7,-0.21,4.81,2.39,2.83,0.44,2.61,2.97,2.98,0.01,2.98,1.97,2.56,0.59,2.27,2.62,2.77,0.15,2.7,1.73,2.26,0.53,2,2.33,2.28,-0.05,2.31,2.85,2.43,-0.42,2.64,2.36,2.37,0.01,2.37,1.71,2.35,0.64,2.03,2.97,2.86,-0.11,2.92
Hyperpartisan_3,3,h_alloutassaultonscience.jpg,2.24,2.35,0.11,2.3,2.31,2.79,0.48,2.55,2.42,0.58,5.07,4.77,-0.3,4.92,3.53,3.73,0.2,3.63,4.13,3.63,-0.5,3.88,2.59,2.85,0.26,2.72,2.48,2.67,0.19,2.58,2.06,1.97,-0.09,2.02,3.7,2.88,-0.82,3.29,1.84,2,0.16,1.92,2.46,2.42,-0.04,2.44,2.72,2.64,-0.08,2.68,2.37,2.58,0.21,2.48,1.72,1.85,0.13,1.79
Hyperpartisan_4,4,h_basedontweetCNNaccepts.jpg,2.83,2.54,-0.29,2.69,2.36,2.68,0.32,2.52,2.6,0.4,3.75,3.81,0.06,3.78,3.42,3.11,-0.31,3.27,2.82,3.46,0.64,3.14,3.15,3.11,-0.04,3.13,1.87,2.46,0.59,2.17,2.24,2.26,0.02,2.25,2.38,2.77,0.39,2.58,2.81,2.08,-0.73,2.45,2.83,2.56,-0.27,2.7,2.52,2.5,-0.02,2.51,1.91,2.54,0.63,2.23,2.33,2.42,0.09,2.38
Hyperpartisan_5,5,h_bidensaysobamaisbff.jpg,3.86,3.29,-0.57,3.58,3.83,3.7,-0.13,3.77,3.67,0.67,2.86,3.14,0.28,3,4.26,4.4,0.14,4.33,1.79,2.46,0.67,2.13,2.19,2.72,0.53,2.46,1.39,2.02,0.63,1.71,2.07,2.26,0.19,2.17,1.24,1.81,0.57,1.53,1.45,1.82,0.37,1.64,2.9,2.54,-0.36,2.72,2.57,2.64,0.07,2.61,1.47,2.07,0.6,1.77,2.29,2.38,0.09,2.34
Hyperpartisan_6,6,h_bidenscancerproblemcrumbles.jpg,4.16,3.55,-0.61,3.86,4.14,3.65,-0.49,3.9,3.88,0.88,3.37,3.21,-0.16,3.29,4.78,4.09,-0.69,4.44,2.76,3.05,0.29,2.91,2.81,3.09,0.28,2.95,1.94,1.93,-0.01,1.94,2.28,1.94,-0.34,2.11,1.96,2.21,0.25,2.09,2.08,2.09,0.01,2.09,2.88,2.57,-0.31,2.73,2.53,2.56,0.03,2.55,1.56,2,0.44,1.78,2.28,2.44,0.16,2.36
Hyperpartisan_7,7,h_canyoucounthowmanygunlies.jpg,4.43,3.93,-0.5,4.18,4.12,3.83,-0.29,3.98,4.08,1.08,2.4,3.29,0.89,2.85,5.31,4.53,-0.78,4.92,2.7,2.95,0.25,2.83,3.78,3.28,-0.5,3.53,1.65,2.36,0.71,2.01,2.91,2.39,-0.52,2.65,1.86,2.53,0.67,2.2,3.09,2.47,-0.62,2.78,2.92,2.6,-0.32,2.76,2.34,2.44,0.1,2.39,1.44,2.44,1,1.94,2.75,2.64,-0.11,2.7
Hyperpartisan_8,8,h_cnnsminisculeaudiencenosedived (2).jpg,3.81,3.62,-0.19,3.72,4.02,3.8,-0.22,3.91,3.81,0.81,3.46,3.64,0.18,3.55,5.13,5.14,0.01,5.14,2.37,2.67,0.3,2.52,2.67,3.34,0.67,3.01,1.5,1.93,0.43,1.72,2.54,2.66,0.12,2.6,1.65,2.09,0.44,1.87,2,1.94,-0.06,1.97,2.87,2.6,-0.27,2.74,2.31,2.4,0.09,2.36,1.59,1.84,0.25,1.72,3.04,2.97,-0.07,3.01
Hyperpartisan_9,9,h_conmandraftdodgerracistactualwords (2).jpg,2.14,2.31,0.17,2.23,2.59,2.31,-0.28,2.45,2.34,0.66,4.77,5,0.23,4.89,4.13,3.81,-0.32,3.97,3.48,3.58,0.1,3.53,3.02,2.95,-0.07,2.99,2.5,2.89,0.39,2.7,2.46,1.93,-0.53,2.2,2.92,2.76,-0.16,2.84,2.48,2,-0.48,2.24,2.86,2.44,-0.42,2.65,2.67,2.74,0.07,2.71,2.56,3.04,0.48,2.8,2.74,2.1,-0.64,2.42
Hyperpartisan_10,10,h_damagecontrolfail.jpg,1.77,1.88,0.11,1.83,2.61,2.53,-0.08,2.57,2.2,0.8,5.49,5.53,0.04,5.51,4.53,4.33,-0.2,4.43,3.75,3.76,0.01,3.76,3.36,3.57,0.21,3.47,2.63,2.42,-0.21,2.53,2.44,2.11,-0.33,2.28,3.58,3.54,-0.04,3.56,2.5,2.27,-0.23,2.39,2.47,2.14,-0.33,2.31,2.39,2.33,-0.06,2.36,2.93,2.85,-0.08,2.89,2.42,2.27,-0.15,2.35
Hyperpartisan_11,11,h_democraticlawmakerfilmshimself.jpg,4.44,3.52,-0.92,3.98,3.72,3.32,-0.4,3.52,3.75,0.75,2.95,3.8,0.85,3.38,4.5,3.7,-0.8,4.1,3,3.06,0.06,3.03,3.36,3.17,-0.19,3.27,2.16,2.23,0.07,2.2,2.56,2.28,-0.28,2.42,2.89,2.86,-0.03,2.88,2.61,2.68,0.07,2.65,2.82,2.55,-0.27,2.69,2.56,2.43,-0.13,2.5,1.84,2.44,0.6,2.14,3.03,2.26,-0.77,2.65
Hyperpartisan_12,12,h_democratreadslettercallingtrump.jpg,2.91,3.09,0.18,3,2.85,3,0.15,2.93,2.96,0.04,4.32,4.09,-0.23,4.21,4.66,4.89,0.23,4.78,3.13,3.07,-0.06,3.1,3.27,3.11,-0.16,3.19,2.64,2.43,-0.21,2.54,2.29,1.89,-0.4,2.09,2.36,2.66,0.3,2.51,3.12,2.2,-0.92,2.66,2.74,2.5,-0.24,2.62,2.46,2.43,-0.03,2.45,2.43,2.61,0.18,2.52,2.83,2.15,-0.68,2.49
Hyperpartisan_13,13,h_democratsareensuringtheirprimaries.jpg,4.13,3.45,-0.68,3.79,3.43,3.37,-0.06,3.4,3.6,0.6,3.21,3.14,-0.07,3.18,4.82,4.32,-0.5,4.57,2.79,3.1,0.31,2.95,3.63,3.32,-0.31,3.48,1.91,2.17,0.26,2.04,2.18,2.29,0.11,2.24,2.34,2.47,0.13,2.41,2.43,2.34,-0.09,2.39,2.9,2.71,-0.19,2.81,2.71,2.39,-0.32,2.55,1.79,2.1,0.31,1.95,2.43,2.49,0.06,2.46
Hyperpartisan_14,14,h_democratssodesperatetoturnthis (2).jpg,3.82,3.09,-0.73,3.46,3.74,3.5,-0.24,3.62,3.54,0.54,4.27,3.5,-0.77,3.89,4.5,4.47,-0.03,4.49,2.73,3,0.27,2.87,2.82,2.68,-0.14,2.75,2.14,2.23,0.09,2.19,2.32,1.85,-0.47,2.09,1.88,2.27,0.39,2.08,2.18,1.97,-0.21,2.08,2.68,2.38,-0.3,2.53,2.53,2.41,-0.12,2.47,1.71,2,0.29,1.86,2.21,2.53,0.32,2.37
Hyperpartisan_15,15,h_democratswontstopthemadness.jpg,4.38,3.55,-0.83,3.97,4.6,3.68,-0.92,4.14,4.05,1.05,2.77,3.37,0.6,3.07,4.29,4.76,0.47,4.53,2.7,3.07,0.37,2.89,3.4,3.5,0.1,3.45,1.92,2.25,0.33,2.09,2.51,2.53,0.02,2.52,1.98,2.52,0.54,2.25,2.54,2.45,-0.09,2.5,2.74,2.35,-0.39,2.55,2.57,2.29,-0.28,2.43,1.57,2.38,0.81,1.98,2.51,2.5,-0.01,2.51
Hyperpartisan_16,16,h_demrepcallsprolifecolleagues.jpg,3.12,2.7,-0.42,2.91,3.3,3.12,-0.18,3.21,3.06,0.06,4.11,3.89,-0.22,4,4.88,4.44,-0.44,4.66,2.53,3.15,0.62,2.84,2.7,3.03,0.33,2.87,2.67,2.64,-0.03,2.66,2.64,2.26,-0.38,2.45,1.84,2.64,0.8,2.24,2.64,2.56,-0.08,2.6,2.77,2.5,-0.27,2.64,2.42,2.47,0.05,2.45,2.09,2.66,0.57,2.38,2.73,2.45,-0.28,2.59
Hyperpartisan_17,17,h_demscomplainthatsecretservice.jpg,3.57,3,-0.57,3.29,3.44,2.89,-0.55,3.17,3.23,0.23,3.83,4.17,0.34,4,4.75,4.18,-0.57,4.47,2.88,3.32,0.44,3.1,3.19,3,-0.19,3.1,2.58,2.55,-0.03,2.57,2.47,2.14,-0.33,2.31,2.58,2.9,0.32,2.74,2.94,2.32,-0.62,2.63,2.77,2.57,-0.2,2.67,2.5,2.48,-0.02,2.49,2.32,2.6,0.28,2.46,2.25,2.59,0.34,2.42
Hyperpartisan_18,18,h_demssadattemptstotake.jpg,4.44,3.81,-0.63,4.13,4.46,4.29,-0.17,4.38,4.25,1.25,2.95,3.26,0.31,3.11,5.27,4.98,-0.29,5.13,2.63,3.28,0.65,2.96,2.95,3.63,0.68,3.29,1.98,2.52,0.54,2.25,2.67,2.9,0.23,2.79,2.27,2.62,0.35,2.45,2.16,2.12,-0.04,2.14,2.76,2.58,-0.18,2.67,2.49,2.27,-0.22,2.38,1.83,2.59,0.76,2.21,2.86,2.83,-0.03,2.85
Hyperpartisan_19,19,h_demswillneverwinbecause.jpg,4.65,3.53,-1.12,4.09,4.54,4.39,-0.15,4.47,4.28,1.28,2.91,3.04,0.13,2.98,4.85,5.37,0.52,5.11,2.88,2.85,-0.03,2.87,3.33,3.96,0.63,3.65,1.6,2.09,0.49,1.85,2.97,3.29,0.32,3.13,2.72,2.68,-0.04,2.7,1.82,1.63,-0.19,1.73,2.84,2.43,-0.41,2.64,2.44,2.35,-0.09,2.4,1.63,2.17,0.54,1.9,2.95,3.45,0.5,3.2
Hyperpartisan_20,20,h_desperatebidenblamestrump.jpg,3.11,2.26,-0.85,2.69,2.47,2.26,-0.21,2.37,2.53,0.48,3.14,3.14,0,3.14,3.78,3,-0.78,3.39,3.32,3.42,0.1,3.37,3.08,3.29,0.21,3.19,2.06,2.12,0.06,2.09,2.47,1.94,-0.53,2.21,2.78,2.76,-0.02,2.77,2.81,2.51,-0.3,2.66,2.95,2.66,-0.29,2.81,2.81,2.6,-0.21,2.71,1.98,2.16,0.18,2.07,2.14,2.06,-0.08,2.1
Hyperpartisan_21,21,h_desperatedonaldunfortunately.jpg,1.46,1.88,0.42,1.67,2.17,2.02,-0.15,2.1,1.88,1.12,4.81,4.53,-0.28,4.67,3.98,2.94,-1.04,3.46,3.59,3.43,-0.16,3.51,3.36,2.94,-0.42,3.15,2.96,2.75,-0.21,2.86,2.33,2.02,-0.31,2.18,1.4,1.82,0.42,1.61,2.57,2.04,-0.53,2.31,2.56,2.47,-0.09,2.52,2.29,2.49,0.2,2.39,2.56,2.31,-0.25,2.44,2.43,1.79,-0.64,2.11
Hyperpartisan_22,22,h_donaldtrumpinsertscampaignfunds (2).jpg,1.89,2.23,0.34,2.06,2.03,2.44,0.41,2.24,2.15,0.85,4.75,4.79,0.04,4.77,2.97,3.18,0.21,3.08,4.11,4.02,-0.09,4.07,3.22,3.23,0.01,3.23,2.72,2.78,0.06,2.75,2.3,2,-0.3,2.15,3.38,3.49,0.11,3.44,2.54,2.41,-0.13,2.48,2.74,2.56,-0.18,2.65,2.73,2.56,-0.17,2.65,2.59,2.75,0.16,2.67,2.22,2.26,0.04,2.24
Hyperpartisan_23,23,h_donaldtrumpsmexicodeal (2).jpg,4.29,2.98,-1.31,3.64,4.07,3.61,-0.46,3.84,3.74,0.74,3.67,3.88,0.21,3.78,5.21,4.61,-0.6,4.91,3.13,3.33,0.2,3.23,3.41,3.36,-0.05,3.39,1.73,2.28,0.55,2.01,2.69,2.48,-0.21,2.59,2.02,2.42,0.4,2.22,2.14,1.79,-0.35,1.97,2.83,2.49,-0.34,2.66,2.14,2.24,0.1,2.19,1.79,2.21,0.42,2,2.9,2.52,-0.38,2.71
Hyperpartisan_24,24,h_evencnnislaughingatdem.jpg,4.27,3.84,-0.43,4.06,4.23,4.05,-0.18,4.14,4.1,1.1,3,2.77,-0.23,2.89,4,4.1,0.1,4.05,2.45,2.79,0.34,2.62,2.7,3,0.3,2.85,1.9,2.18,0.28,2.04,2.3,2.32,0.02,2.31,1.98,2.48,0.5,2.23,2.1,1.73,-0.37,1.92,2.82,2.7,-0.12,2.76,2.67,2.56,-0.11,2.62,1.76,1.85,0.09,1.81,2.6,2.41,-0.19,2.51
Hyperpartisan_25,25,h_GOPinopenrevoltagainst.jpg,1.84,2.39,0.55,2.12,2.03,2.75,0.72,2.39,2.25,0.75,4.45,4.12,-0.33,4.29,3.82,3.53,-0.29,3.68,3.75,3.69,-0.06,3.72,3.45,3.04,-0.41,3.25,2.48,2.52,0.04,2.5,2.53,2.14,-0.39,2.34,3.19,3.18,-0.01,3.19,2.89,2.16,-0.73,2.53,2.75,2.68,-0.07,2.72,2.63,2.57,-0.06,2.6,2.37,2.41,0.04,2.39,2.45,2.18,-0.27,2.32
Hyperpartisan_26,26,h_housedemocratswanttoseebardersituation (2).jpg,3.99,3.03,-0.96,3.51,3.79,3.66,-0.13,3.73,3.62,0.62,3.31,3.98,0.67,3.65,5.45,5.44,-0.01,5.45,3.35,3.36,0.01,3.36,3.38,3.8,0.42,3.59,2.02,2.45,0.43,2.24,2.41,2.68,0.27,2.55,2.52,2.52,0,2.52,2.52,2.68,0.16,2.6,2.8,2.41,-0.39,2.61,2.59,2.44,-0.15,2.52,1.66,2.35,0.69,2.01,2.59,2.63,0.04,2.61
Hyperpartisan_27,27,h_isthereanythingthatcantbe.jpg,2.97,2.43,-0.54,2.7,3,2.92,-0.08,2.96,2.83,0.17,4.83,4.84,0.01,4.84,5.46,4.43,-1.03,4.95,2.97,3.2,0.23,3.09,3.38,3.11,-0.27,3.25,2.05,2.39,0.34,2.22,2.27,1.95,-0.32,2.11,2.67,2.84,0.17,2.76,2.75,1.73,-1.02,2.24,2.77,2.51,-0.26,2.64,2.48,2.24,-0.24,2.36,2.07,2.33,0.26,2.2,2.79,2,-0.79,2.4
Hyperpartisan_28,28,h_itsnotaboutmilkshakes.jpg,4.25,3.37,-0.88,3.81,4.06,3.64,-0.42,3.85,3.83,0.83,3.59,3.35,-0.24,3.47,4.97,4.25,-0.72,4.61,2.99,2.92,-0.07,2.96,3.54,3.25,-0.29,3.4,2.25,2.27,0.02,2.26,2.74,2.58,-0.16,2.66,2.43,2.88,0.45,2.66,3.06,2.25,-0.81,2.66,2.74,2.6,-0.14,2.67,2.26,2.5,0.24,2.38,1.97,2.08,0.11,2.03,2.97,2.86,-0.11,2.92
Hyperpartisan_29,29,h_joebidenreturnstotheswamp (2).jpg,3.68,3.39,-0.29,3.54,3.67,3.21,-0.46,3.44,3.49,0.49,4.13,4.06,-0.07,4.1,5.45,4.82,-0.63,5.14,2.78,3.22,0.44,3,3.24,3.02,-0.22,3.13,1.81,2.27,0.46,2.04,2.24,2.02,-0.22,2.13,2.04,2.51,0.47,2.28,2.3,1.64,-0.66,1.97,2.88,2.35,-0.53,2.62,2.45,2.41,-0.04,2.43,1.91,2.18,0.27,2.05,2.45,2.46,0.01,2.46
Hyperpartisan_30,30,h_kamalaharrisprosecutor.jpg,1.61,2.25,0.64,1.93,2.14,2.34,0.2,2.24,2.09,0.92,4.69,4.54,-0.15,4.62,4.32,4.17,-0.15,4.25,3.49,3.35,-0.14,3.42,3,3,0,3,2.41,2.71,0.3,2.56,2.39,2.17,-0.22,2.28,2.18,2.48,0.3,2.33,2.48,2.46,-0.02,2.47,2.86,2.39,-0.47,2.63,2.41,2.44,0.03,2.43,1.96,2.54,0.58,2.25,2.42,2.44,0.02,2.43
Hyperpartisan_31,31,h_leftistsmorelikelytosupport.jpg,4.24,3.64,-0.6,3.94,3.91,3.79,-0.12,3.85,3.9,0.9,3.17,2.94,-0.23,3.06,5.12,4.7,-0.42,4.91,3.38,3.33,-0.05,3.36,3.67,3.51,-0.16,3.59,2.16,2.2,0.04,2.18,3,2.63,-0.37,2.82,2.56,2.67,0.11,2.62,3.06,2.62,-0.44,2.84,2.78,2.64,-0.14,2.71,2.44,2.26,-0.18,2.35,1.97,1.97,0,1.97,2.68,3.02,0.34,2.85
Hyperpartisan_32,32,h_leftistwantsracialdivision.jpg,4.03,3.13,-0.9,3.58,4.08,3.33,-0.75,3.71,3.64,0.64,2.92,3.66,0.74,3.29,4.05,4.63,0.58,4.34,3.19,3.49,0.3,3.34,3.76,3.3,-0.46,3.53,2.17,2.28,0.11,2.23,3.03,2.09,-0.94,2.56,2.86,2.79,-0.07,2.83,3.38,2.69,-0.69,3.04,2.76,2.6,-0.16,2.68,2.7,2.41,-0.29,2.56,2.14,2.49,0.35,2.32,2.95,2.26,-0.69,2.61
Hyperpartisan_33,33,h_leftwingcomedianfantasizes.jpg,3.88,3.33,-0.55,3.61,3.7,3.11,-0.59,3.41,3.51,0.51,3.05,3.25,0.2,3.15,4.76,3.91,-0.85,4.34,2.47,2.73,0.26,2.6,3.57,3.24,-0.33,3.41,1.87,1.98,0.11,1.93,2.54,1.98,-0.56,2.26,2.2,2.21,0.01,2.21,3.59,2.98,-0.61,3.29,2.9,2.69,-0.21,2.8,2.49,2.56,0.07,2.53,1.62,1.92,0.3,1.77,2.84,2.31,-0.53,2.58
Hyperpartisan_34,34,h_likefatherlikesons.jpg,1.9,2.26,0.36,2.08,2.07,2.38,0.31,2.23,2.15,0.85,4.21,4.46,0.25,4.34,3.25,3.02,-0.23,3.14,1.75,2.81,1.06,2.28,1.93,2.12,0.19,2.03,1.56,2.2,0.64,1.88,2,1.74,-0.26,1.87,1.56,2.17,0.61,1.87,1.61,1.62,0.01,1.62,2.81,2.65,-0.16,2.73,2.82,2.64,-0.18,2.73,1.83,2.33,0.5,2.08,2.04,1.93,-0.11,1.99
Hyperpartisan_35,35,h_lockheruphannitygoesmaximumgaslight (2).jpg,2.72,2.36,-0.36,2.54,2.73,3.46,0.73,3.1,2.82,0.18,5.04,5.07,0.03,5.06,4.73,5.16,0.43,4.95,2.45,3.04,0.59,2.75,2.5,3.14,0.64,2.82,2.4,2.76,0.36,2.58,2.43,2.3,-0.13,2.37,2.06,2.69,0.63,2.38,2.1,2,-0.1,2.05,2.72,2.34,-0.38,2.53,2.7,2.14,-0.56,2.42,1.86,2.97,1.11,2.42,1.83,2.3,0.47,2.07
Hyperpartisan_36,36,h_londondefacesitself.jpg,2.86,2.3,-0.56,2.58,2.97,2.46,-0.51,2.72,2.65,0.35,4.06,4.51,0.45,4.29,4.82,4.62,-0.2,4.72,2.62,3.25,0.63,2.94,3.08,3.28,0.2,3.18,2.16,2.49,0.33,2.33,2.23,2.7,0.47,2.47,1.74,2.46,0.72,2.1,2.33,2.35,0.02,2.34,2.66,2.43,-0.23,2.55,2.51,2.32,-0.19,2.42,1.86,2.52,0.66,2.19,2.44,2.76,0.32,2.6
Hyperpartisan_37,37,h_meullerreportexoneratingtrump.jpg,4.1,3.82,-0.28,3.96,3.79,3.95,0.16,3.87,3.92,0.92,3.06,3.13,0.07,3.1,4.71,4.89,0.18,4.8,3.14,3.5,0.36,3.32,3.53,3.53,0,3.53,2.19,2.58,0.39,2.39,2.65,2.63,-0.02,2.64,2.51,3,0.49,2.76,2.76,2.42,-0.34,2.59,2.67,2.32,-0.35,2.5,2.56,2.13,-0.43,2.35,1.73,2.22,0.49,1.98,3.24,2.5,-0.74,2.87
Hyperpartisan_38,38,h_mikehuckabeeisveryupset.jpg,2.75,2.74,-0.01,2.75,2.72,2.95,0.23,2.84,2.79,0.21,4.42,4.84,0.42,4.63,4.79,3.95,-0.84,4.37,1.97,2.36,0.39,2.17,2.62,2.62,0,2.62,1.7,2.12,0.42,1.91,2.1,2.03,-0.07,2.07,1.49,2.09,0.6,1.79,2.08,1.68,-0.4,1.88,2.75,2.62,-0.13,2.69,2.54,2.59,0.05,2.57,1.52,2.03,0.51,1.78,2.26,2.32,0.06,2.29
Hyperpartisan_39,39,h_mitchmcconnellmakingsurethat.jpg,2.31,2.43,0.12,2.37,2.29,2.66,0.37,2.48,2.42,0.58,4.25,3.71,-0.54,3.98,3.11,2.16,-0.95,2.64,4.33,4.03,-0.3,4.18,3.89,3.24,-0.65,3.57,2.56,2.91,0.35,2.74,2.86,1.87,-0.99,2.37,3.91,3.33,-0.58,3.62,3.34,2.26,-1.08,2.8,2.55,2.36,-0.19,2.46,2.57,2.53,-0.04,2.55,2.78,2.88,0.1,2.83,2.6,2.18,-0.42,2.39
Hyperpartisan_40,40,h_obamaadmincutsituationroom (2).jpg,4.05,3.52,-0.53,3.79,3.86,3.63,-0.23,3.75,3.77,0.77,2.73,3.24,0.51,2.99,4.64,4.82,0.18,4.73,3.59,3.59,0,3.59,3.74,3.53,-0.21,3.64,2.39,2.63,0.24,2.51,3,2.68,-0.32,2.84,2.54,3.04,0.5,2.79,2.95,2.76,-0.19,2.86,2.76,2.69,-0.07,2.73,2.69,2.34,-0.35,2.52,2.17,2.74,0.57,2.46,2.6,2.87,0.27,2.74
Hyperpartisan_41,41,h_ocasiocortezcallsfor2020democrat (2).jpg,3.85,3.26,-0.59,3.56,3.31,3.74,0.43,3.53,3.54,0.54,3.32,3.81,0.49,3.57,5.22,4.17,-1.05,4.7,2.85,3.16,0.31,3.01,2.63,2.94,0.31,2.79,1.96,2.12,0.16,2.04,2.13,2.43,0.3,2.28,1.93,2.36,0.43,2.15,2.06,1.8,-0.26,1.93,2.85,2.41,-0.44,2.63,2.5,2.54,0.04,2.52,1.86,2.12,0.26,1.99,2.13,2.57,0.44,2.35
Hyperpartisan_42,42,h_princecharlesjoinsentire (2).jpg,2.04,2.12,0.08,2.08,2.35,2.69,0.34,2.52,2.3,0.7,5.5,4.46,-1.04,4.98,3.72,4.38,0.66,4.05,3.52,3.33,-0.19,3.43,2.47,2.91,0.44,2.69,2.6,2.48,-0.12,2.54,2.12,2,-0.12,2.06,2.85,2.95,0.1,2.9,1.98,2.16,0.18,2.07,2.56,2.21,-0.35,2.39,2.56,2.44,-0.12,2.5,2.33,2.89,0.56,2.61,1.88,2.32,0.44,2.1
Hyperpartisan_43,43,h_recordconferenceinjobmarket.jpg,4.27,3.4,-0.87,3.84,3.91,3.57,-0.34,3.74,3.79,0.79,3.31,4.13,0.82,3.72,4.36,4.33,-0.03,4.35,3.5,3.4,-0.1,3.45,3.45,3.52,0.07,3.49,2.02,2.54,0.52,2.28,2.45,2.26,-0.19,2.36,2.08,2.47,0.39,2.28,2.21,2,-0.21,2.11,2.84,2.38,-0.46,2.61,2.67,2.57,-0.1,2.62,1.82,2.57,0.75,2.2,2.3,2.5,0.2,2.4
Hyperpartisan_44,44,h_republicanspeddlegrotesque (2).jpg,2,2.36,0.36,2.18,2.2,2.26,0.06,2.23,2.21,0.8,5.15,4.48,-0.67,4.82,3.63,3.44,-0.19,3.54,3.48,3.74,0.26,3.61,3.44,3.31,-0.13,3.38,2.54,2.65,0.11,2.6,2.49,2.15,-0.34,2.32,3.26,3.31,0.05,3.29,3.02,3.03,0.01,3.03,2.57,2.62,0.05,2.6,2.56,2.54,-0.02,2.55,2.69,2.71,0.02,2.7,2.63,2.26,-0.37,2.45
Hyperpartisan_45,45,h_republicanswanttoban.jpg,2.43,2.32,-0.11,2.38,2.07,2.61,0.54,2.34,2.36,0.64,4.51,4.66,0.15,4.59,3.18,3.22,0.04,3.2,4.08,3.43,-0.65,3.76,3.43,2.98,-0.45,3.21,2.4,2.82,0.42,2.61,2.61,2.18,-0.43,2.4,3.36,3.12,-0.24,3.24,2.64,2.68,0.04,2.66,2.89,2.5,-0.39,2.7,2.57,2.56,-0.01,2.57,2.43,2.93,0.5,2.68,2.86,2.49,-0.37,2.68
Hyperpartisan_46,46,h_rightnowmillionsofrepublicans.jpg,1.92,2.16,0.24,2.04,2.04,2.67,0.63,2.36,2.2,0.8,4.66,4.43,-0.23,4.55,3.77,3.49,-0.28,3.63,3.76,3.1,-0.66,3.43,3.04,2.92,-0.12,2.98,2.39,2.16,-0.23,2.28,2.46,2.16,-0.3,2.31,2.96,2.37,-0.59,2.67,2.5,2.05,-0.45,2.28,2.63,2.55,-0.08,2.59,2.73,2.49,-0.24,2.61,2.37,2.13,-0.24,2.25,2.19,2.21,0.02,2.2
Hyperpartisan_47,47,h_sarahhuckabeesandersaliar.jpg,1.87,1.98,0.11,1.93,2.32,2.4,0.08,2.36,2.14,0.86,5.85,4.92,-0.93,5.39,3.9,3.62,-0.28,3.76,3.59,3.25,-0.34,3.42,3.35,3.43,0.08,3.39,2.79,2.47,-0.32,2.63,2.58,2.19,-0.39,2.39,1.98,2.16,0.18,2.07,2.61,2.5,-0.11,2.56,1.85,2.05,0.2,1.95,2.39,2.17,-0.22,2.28,2.46,2.65,0.19,2.56,2.1,2.2,0.1,2.15
Hyperpartisan_48,48,h_theradicalleftisplanning.jpg,4.52,3.49,-1.03,4.01,3.85,3.86,0.01,3.86,3.93,0.93,2.08,2.78,0.7,2.43,3.63,4.52,0.89,4.08,3.59,3.79,0.2,3.69,4.15,3.79,-0.36,3.97,2.21,2.58,0.37,2.4,2.89,2.52,-0.37,2.71,2.87,2.95,0.08,2.91,3.26,3.26,0,3.26,2.92,2.7,-0.22,2.81,2.56,2.45,-0.11,2.51,1.53,2.3,0.77,1.92,2.81,2.98,0.17,2.9
Hyperpartisan_49,49,h_therightswaronreproductivefreedom (2).jpg,1.78,2.55,0.77,2.17,2.15,2.54,0.39,2.35,2.26,0.75,5.42,4.93,-0.49,5.18,4.1,3.7,-0.4,3.9,3.85,3.6,-0.25,3.73,2.85,2.95,0.1,2.9,2.64,2.68,0.04,2.66,2.35,2.32,-0.03,2.34,3.31,2.68,-0.63,3,2.25,2.49,0.24,2.37,2.49,2.43,-0.06,2.46,2.6,2.57,-0.03,2.59,2.81,2.52,-0.29,2.67,2.1,2.35,0.25,2.23
Hyperpartisan_50,50,h_thestraightprideparadeinboston (2).jpg,2.16,2.54,0.38,2.35,2.57,2.71,0.14,2.64,2.5,0.51,4.87,3.51,-1.36,4.19,3.51,3.69,0.18,3.6,3.35,3.22,-0.13,3.29,2.8,2.95,0.15,2.88,2.23,2.2,-0.03,2.22,2.4,2,-0.4,2.2,2.89,2.85,-0.04,2.87,2.57,2.39,-0.18,2.48,2.66,2.63,-0.03,2.65,2.49,2.62,0.13,2.56,2.32,2.53,0.21,2.43,2.37,2.45,0.08,2.41
Hyperpartisan_51,51,h_thetrumpsarentheonlyfamily (2).jpg,1.44,2.02,0.58,1.73,2.08,2.11,0.03,2.1,1.91,1.09,5.37,5.39,0.02,5.38,4.45,3.5,-0.95,3.98,3.59,3.36,-0.23,3.48,2.84,2.45,-0.39,2.65,2.37,2.39,0.02,2.38,2.37,1.66,-0.71,2.02,2.94,2.76,-0.18,2.85,2.58,1.95,-0.63,2.27,2.7,2.51,-0.19,2.61,2.42,2.53,0.11,2.48,2.57,2.47,-0.1,2.52,2.24,1.87,-0.37,2.06
Hyperpartisan_52,52,h_thewhitehouseisdesperately.jpg,1.73,2.17,0.44,1.95,2.31,2.84,0.53,2.58,2.26,0.74,5.2,5.42,0.22,5.31,4.17,3.97,-0.2,4.07,3.73,3.92,0.19,3.83,3.28,3,-0.28,3.14,2.21,2.62,0.41,2.42,2.25,1.94,-0.31,2.1,2.89,2.89,0,2.89,2.56,2.19,-0.37,2.38,2.68,2.28,-0.4,2.48,2.39,2.62,0.23,2.51,2.11,2.87,0.76,2.49,2.28,2.38,0.1,2.33
Hyperpartisan_53,53,h_timetoinitiateimpeachment.jpg,1.55,2.08,0.53,1.82,1.88,2,0.12,1.94,1.88,1.12,4.19,4.12,-0.07,4.16,3.4,2.57,-0.83,2.99,4.39,4.02,-0.37,4.21,4,3.68,-0.32,3.84,3.15,3.12,-0.03,3.14,2.9,2.15,-0.75,2.53,3.32,2.82,-0.5,3.07,3.15,2.5,-0.65,2.83,2.46,2.1,-0.36,2.28,2.3,2.43,0.13,2.37,2.88,2.98,0.1,2.93,2.45,2.09,-0.36,2.27
Hyperpartisan_54,54,h_trumpadministrationstillstiffing (2).jpg,2.11,2.3,0.19,2.21,2.38,2.32,-0.06,2.35,2.28,0.72,5.19,4.93,-0.26,5.06,4.51,4.26,-0.25,4.39,3.84,3.73,-0.11,3.79,3.14,2.91,-0.23,3.03,1.84,2.51,0.67,2.18,2,1.93,-0.07,1.97,2.98,2.91,-0.07,2.95,2.11,1.94,-0.17,2.03,2.54,2.46,-0.08,2.5,2.43,2.55,0.12,2.49,1.89,2.8,0.91,2.35,2.11,2.13,0.02,2.12
Hyperpartisan_55,55,h_trumpdefilesfreedomofspeech.jpg,1.71,2.11,0.4,1.91,2,2.78,0.78,2.39,2.15,0.85,4.38,4.82,0.44,4.6,3.32,3.25,-0.07,3.29,3.66,3.61,-0.05,3.64,3.1,3.15,0.05,3.13,2.33,2.68,0.35,2.51,2.32,2.13,-0.19,2.23,3.33,3.45,0.12,3.39,2.44,2.02,-0.42,2.23,2.71,2.32,-0.39,2.52,2.49,2.47,-0.02,2.48,2.37,2.93,0.56,2.65,2.32,1.93,-0.39,2.13
Hyperpartisan_56,56,h_trumpexplainswhysellingoutthecountry.jpg,1.64,1.98,0.34,1.81,1.95,1.91,-0.04,1.93,1.87,1.13,3.79,3.16,-0.63,3.48,2.87,2.4,-0.47,2.64,3.83,3.67,-0.16,3.75,3.26,3.09,-0.17,3.18,2.2,2.55,0.35,2.38,2.24,1.79,-0.45,2.02,3.38,3.13,-0.25,3.26,2.39,2.42,0.03,2.41,2.92,2.73,-0.19,2.83,2.58,2.77,0.19,2.68,2.07,2.45,0.38,2.26,2.76,2.09,-0.67,2.43
Hyperpartisan_57,57,h_trumpinviteshostileforeign.jpg,1.97,2,0.03,1.99,2.02,2.2,0.18,2.11,2.05,0.95,4.19,3.76,-0.43,3.98,2.53,2.49,-0.04,2.51,4.25,4.05,-0.2,4.15,3.78,3.18,-0.6,3.48,2.9,2.75,-0.15,2.83,2.44,2.16,-0.28,2.3,3.93,3.6,-0.33,3.77,3.07,2.24,-0.83,2.66,2.36,2.24,-0.12,2.3,2.47,2.6,0.13,2.54,3,3.04,0.04,3.02,2.47,1.93,-0.54,2.2
Hyperpartisan_58,58,h_trumpliesaboutmexicodeal.jpg,1.48,2.17,0.69,1.83,1.5,2.26,0.76,1.88,1.85,1.15,5.02,5.31,0.29,5.17,3.6,3.69,0.09,3.65,3.84,3.78,-0.06,3.81,3.3,3.33,0.03,3.32,2.35,2.83,0.48,2.59,1.87,2.15,0.28,2.01,3.11,3.21,0.1,3.16,2.57,2.51,-0.06,2.54,2.63,2.38,-0.25,2.51,2.7,2.36,-0.34,2.53,2.4,2.6,0.2,2.5,1.93,2.36,0.43,2.15
Hyperpartisan_59,59,h_trumpmostvisitedproperties.jpg,1.84,2.09,0.25,1.97,2.03,2.08,0.05,2.06,2.01,0.99,5.53,4.77,-0.76,5.15,4.06,2.97,-1.09,3.52,3.52,3.14,-0.38,3.33,2.78,2.69,-0.09,2.74,2.19,2.57,0.38,2.38,2.31,1.97,-0.34,2.14,2.91,2.91,0,2.91,2.5,2.05,-0.45,2.28,2.52,2.41,-0.11,2.47,2.5,2.62,0.12,2.56,2,2.5,0.5,2.25,1.94,2.08,0.14,2.01
Hyperpartisan_60,60,h_trumppicksextremistwhocompared.jpg,1.95,2.27,0.32,2.11,1.74,2.46,0.72,2.1,2.11,0.9,5.19,5,-0.19,5.1,3.67,3.11,-0.56,3.39,4.23,4,-0.23,4.12,3.6,3.11,-0.49,3.36,2.63,2.54,-0.09,2.59,2.6,2.3,-0.3,2.45,3.92,3.49,-0.43,3.71,2.98,2.04,-0.94,2.51,2.66,2.41,-0.25,2.54,2.71,2.76,0.05,2.74,2.85,2.92,0.07,2.89,2.31,2.65,0.34,2.48
Hyperpartisan_61,61,h_trumpsactingDHSsecretary.jpg,1.88,2.2,0.32,2.04,2.24,2.41,0.17,2.33,2.18,0.82,4.85,4.73,-0.12,4.79,4.03,3.68,-0.35,3.86,3.82,3.63,-0.19,3.73,3.76,3.3,-0.46,3.53,2.3,2.52,0.22,2.41,2.62,2.14,-0.48,2.38,3.17,2.9,-0.27,3.04,2.76,2.2,-0.56,2.48,2.75,2.43,-0.32,2.59,2.45,2.25,-0.2,2.35,2.27,2.61,0.34,2.44,2.45,2.2,-0.25,2.33
Hyperpartisan_62,62,h_trumpsownadvisorsconsider.jpg,1.45,1.98,0.53,1.72,2.32,1.98,-0.34,2.15,1.93,1.07,4.78,5.54,0.76,5.16,3.74,3.04,-0.7,3.39,4.14,3.98,-0.16,4.06,3.91,3.54,-0.37,3.73,2.76,3.15,0.39,2.96,2.76,2.22,-0.54,2.49,3.65,3.75,0.1,3.7,3.03,2.65,-0.38,2.84,2.41,2.19,-0.22,2.3,2.38,2.5,0.12,2.44,2.51,3.19,0.68,2.85,2.56,2.15,-0.41,2.36
Hyperpartisan_63,63,h_trumpsuseofexecutiveprivilege.jpg,1.98,2.33,0.35,2.16,1.97,2.03,0.06,2,2.08,0.92,5.57,5.55,-0.02,5.56,4.03,3.62,-0.41,3.83,4.31,4.02,-0.29,4.17,3.48,3.57,0.09,3.53,2.38,2.92,0.54,2.65,2.26,1.97,-0.29,2.12,3.72,3.5,-0.22,3.61,2.68,2.38,-0.3,2.53,2.43,2.2,-0.23,2.32,2.35,2.24,-0.11,2.3,2.49,3,0.51,2.75,2.94,2.36,-0.58,2.65
Hyperpartisan_64,64,h_trumpwearewinninginevery.jpg,1.94,2.37,0.43,2.16,2.66,2.78,0.12,2.72,2.44,0.56,5.43,5.08,-0.35,5.26,5.11,3.96,-1.15,4.54,3.11,3.1,-0.01,3.11,3.29,3.45,0.16,3.37,2.22,2.34,0.12,2.28,2.53,2.69,0.16,2.61,2.07,2.37,0.3,2.22,2.34,2.29,-0.05,2.32,2.33,2.32,-0.01,2.33,2.34,2.29,-0.05,2.32,2.46,2.34,-0.12,2.4,2.53,2.76,0.23,2.65
Hyperpartisan_65,65,h_twodarlingsoftheleft.jpg,4.17,3.29,-0.88,3.73,3.87,3.47,-0.4,3.67,3.7,0.7,4.07,3.83,-0.24,3.95,5.11,4.93,-0.18,5.02,2.43,2.98,0.55,2.71,2.73,3.13,0.4,2.93,1.63,2.36,0.73,2,2.62,2.13,-0.49,2.38,1.71,2.22,0.51,1.97,2.36,2.2,-0.16,2.28,2.83,2.6,-0.23,2.72,2.38,2.62,0.24,2.5,1.69,2.07,0.38,1.88,2.87,2.11,-0.76,2.49
Hyperpartisan_66,66,h_vapestoreclerkhasmeltdown (2).jpg,3.42,2.84,-0.58,3.13,3.59,3.38,-0.21,3.49,3.31,0.31,4.93,4.89,-0.04,4.91,6.16,5.52,-0.64,5.84,1.91,2.27,0.36,2.09,2.69,2.81,0.12,2.75,2.2,2.31,0.11,2.26,2.47,2.12,-0.35,2.3,1.96,2.37,0.41,2.17,2.72,2,-0.72,2.36,2.69,2.5,-0.19,2.6,2.38,2.48,0.1,2.43,2.15,2.42,0.27,2.29,2.75,2.29,-0.46,2.52
Hyperpartisan_67,67,h_watchroomcracksupwhen.jpg,3.86,3.56,-0.3,3.71,4.02,3.48,-0.54,3.75,3.73,0.73,3.78,4.04,0.26,3.91,4.73,4.35,-0.38,4.54,2.35,2.54,0.19,2.45,2.61,2.78,0.17,2.7,1.73,2.29,0.56,2.01,2.12,2.3,0.18,2.21,1.73,2.17,0.44,1.95,2.02,2.09,0.07,2.06,2.84,2.56,-0.28,2.7,2.68,2.46,-0.22,2.57,1.62,2.06,0.44,1.84,2.34,2.13,-0.21,2.24
Hyperpartisan_68,68,h_willtrumpssupremecourt (2).jpg,1.99,2.4,0.41,2.2,2.27,2.38,0.11,2.33,2.26,0.74,4.9,4.15,-0.75,4.53,3.63,2.88,-0.75,3.26,4.25,3.55,-0.7,3.9,3.29,2.9,-0.39,3.1,2.54,2.51,-0.03,2.53,2.41,1.9,-0.51,2.16,3.57,3.02,-0.55,3.3,2.61,1.88,-0.73,2.25,2.68,2.66,-0.02,2.67,2.73,2.5,-0.23,2.62,2.56,2.94,0.38,2.75,1.95,2.02,0.07,1.99
Hyperpartisan_69,69,h_wokewhiteliberalsaredriving (2).jpg,4.07,3.14,-0.93,3.61,3.36,3,-0.36,3.18,3.39,0.39,2.91,3.46,0.55,3.19,4.25,4.05,-0.2,4.15,3.13,3.26,0.13,3.2,3.11,3.07,-0.04,3.09,2.03,2.16,0.13,2.1,2.57,2.16,-0.41,2.37,2.69,2.77,0.08,2.73,2.93,2.47,-0.46,2.7,2.9,2.46,-0.44,2.68,2.36,2.51,0.15,2.44,1.84,2.05,0.21,1.95,2.82,2.16,-0.66,2.49
Hyperpartisan_70,70,h_yetanothertrumpsupporter.jpg,1.64,2.05,0.41,1.85,2.26,2.56,0.3,2.41,2.13,0.87,4.92,5.13,0.21,5.03,4.31,3.4,-0.91,3.86,3.27,3.55,0.28,3.41,2.97,3,0.03,2.99,2.47,2.73,0.26,2.6,2.51,2.19,-0.32,2.35,3.1,3.02,-0.08,3.06,2.89,2.42,-0.47,2.66,2.75,2.4,-0.35,2.58,2.49,2.6,0.11,2.55,2.39,2.97,0.58,2.68,2.54,2.19,-0.35,2.37
Real_65,1,r_$9m to quarantine fruit flies.png,3,2.83,-0.17,2.92,3.1,2.92,-0.18,3.01,2.96,0.04,3.98,3.78,-0.2,3.88,4,3.82,-0.18,3.91,3.2,3.4,0.2,3.3,3.55,3.37,-0.18,3.46,2.36,2.49,0.13,2.43,2.62,2.32,-0.3,2.47,2.95,2.85,-0.1,2.9,3,2.61,-0.39,2.81,2.85,2.54,-0.31,2.7,2.66,2.82,0.16,2.74,2.36,2.95,0.59,2.66,2.86,2.18,-0.68,2.52
Real_66,2,r_ads praise Castros pla to limit police immunity.png,2.86,2.64,-0.22,2.75,2.63,2.82,0.19,2.73,2.74,0.26,4.82,4.75,-0.07,4.79,4.47,4.61,0.14,4.54,3.5,3.79,0.29,3.65,3.47,3.61,0.14,3.54,2.4,2.87,0.47,2.64,2.37,2.73,0.36,2.55,2.08,2.53,0.45,2.31,2.53,3.11,0.58,2.82,2.9,2.57,-0.33,2.74,2.75,2.43,-0.32,2.59,1.88,3.06,1.18,2.47,2.56,3.09,0.53,2.83
Real_67,3,r_Age more important than sex for pres vote.png,2.67,2.82,0.15,2.75,2.82,2.94,0.12,2.88,2.81,0.19,4.57,4.36,-0.21,4.47,4.58,4.16,-0.42,4.37,3.35,3.18,-0.17,3.27,2.92,3,0.08,2.96,2.09,2.36,0.27,2.23,1.87,2.1,0.23,1.99,1.96,2.1,0.14,2.03,1.61,1.67,0.06,1.64,2.72,2.56,-0.16,2.64,2.79,2.76,-0.03,2.78,2.48,2.95,0.47,2.72,2.05,1.94,-0.11,2
Real_68,4,r_anger in uk france over trump gun law speech.png,2.47,2.46,-0.01,2.47,2.24,2.89,0.65,2.57,2.52,0.49,5.09,5.13,0.04,5.11,4.91,4.54,-0.37,4.73,3.15,3.62,0.47,3.39,2.97,3.26,0.29,3.12,2.16,2.82,0.66,2.49,2.18,2.14,-0.04,2.16,2.2,3.51,1.31,2.86,2.09,2.26,0.17,2.18,2.76,2.26,-0.5,2.51,2.76,2.6,-0.16,2.68,2.13,3.36,1.23,2.75,2.39,2.16,-0.23,2.28
Real_69,5,r_behar pushes back on far left label.png,2.6,2.76,0.16,2.68,2.71,3.02,0.31,2.87,2.77,0.23,5.54,4.97,-0.57,5.26,5.44,5.34,-0.1,5.39,2.04,3.03,0.99,2.54,2.29,2.45,0.16,2.37,1.77,2.53,0.76,2.15,1.94,1.89,-0.05,1.92,1.31,2.05,0.74,1.68,1.61,1.54,-0.07,1.58,2.65,2.11,-0.54,2.38,2.53,2.26,-0.27,2.4,1.56,2.71,1.15,2.14,2.03,1.94,-0.09,1.99
Real_70,6,r_border partrol chief on migrant crisis.png,3.85,3.06,-0.79,3.46,3.76,3.84,0.08,3.8,3.63,0.63,4.57,5.09,0.52,4.83,5.73,5.41,-0.32,5.57,3.79,3.79,0,3.79,4.02,4.24,0.22,4.13,2.36,2.81,0.45,2.59,2.47,2.97,0.5,2.72,2.83,3.04,0.21,2.94,3.47,3.7,0.23,3.59,2.47,2.13,-0.34,2.3,2.22,1.95,-0.27,2.09,1.89,3.42,1.53,2.66,3.04,3.24,0.2,3.14
Real_71,7,r_busienss dropped at trumps hotels.png,2.16,2.16,0,2.16,2.05,2.53,0.48,2.29,2.23,0.78,5.7,4.93,-0.77,5.32,4.77,4.13,-0.64,4.45,2.54,2.89,0.35,2.72,2.19,2.51,0.32,2.35,1.82,2.39,0.57,2.11,1.79,1.87,0.08,1.83,1.6,2.3,0.7,1.95,1.71,1.55,-0.16,1.63,2.52,2.36,-0.16,2.44,2.67,2.61,-0.06,2.64,1.96,3,1.04,2.48,2.19,2.13,-0.06,2.16
Real_72,8,r_claims she was attacked by men who yelled trump.png,3.22,2.56,-0.66,2.89,3.03,2.57,-0.46,2.8,2.85,0.16,4.67,4.51,-0.16,4.59,4.17,3.63,-0.54,3.9,3.45,3.7,0.25,3.58,3.09,2.87,-0.22,2.98,2,2.39,0.39,2.2,2.06,1.91,-0.15,1.99,2.92,3.39,0.47,3.16,2.63,2.52,-0.11,2.58,2.57,2.51,-0.06,2.54,2.66,2.63,-0.03,2.65,1.88,3.05,1.17,2.47,2.29,2.04,-0.25,2.17
Real_73,9,r_congress to not defend laws.png,2.64,2.65,0.01,2.65,3.06,2.75,-0.31,2.91,2.78,0.23,5.01,4.5,-0.51,4.76,4.63,4,-0.63,4.32,3.9,3.68,-0.22,3.79,3.63,3.5,-0.13,3.57,2.29,2.75,0.46,2.52,2.63,2.27,-0.36,2.45,3.04,3.38,0.34,3.21,2.86,2.48,-0.38,2.67,2.64,2.28,-0.36,2.46,2.57,2.55,-0.02,2.56,2.14,3.2,1.06,2.67,2.89,2.5,-0.39,2.7
Real_74,10,r_cons congressmen resigns.png,1.75,2.41,0.66,2.08,1.81,2.58,0.77,2.2,2.14,0.86,5.41,4.74,-0.67,5.08,4.68,4.6,-0.08,4.64,3.73,3.48,-0.25,3.61,2.9,3.2,0.3,3.05,2.51,2.76,0.25,2.64,1.97,2.18,0.21,2.08,2.49,2.6,0.11,2.55,2.19,2.22,0.03,2.21,2.65,2.31,-0.34,2.48,2.87,2.62,-0.25,2.75,2,2.5,0.5,2.25,1.68,2.33,0.65,2.01
Real_75,11,r_cons groups aggressively opposite soc health care.png,3.7,2.92,-0.78,3.31,3.84,3.3,-0.54,3.57,3.44,0.44,5.4,4.75,-0.65,5.08,5.59,5.38,-0.21,5.49,3.74,3.78,0.04,3.76,3.81,3.84,0.03,3.83,2.26,2.59,0.33,2.43,2.74,2.38,-0.36,2.56,3.04,3.02,-0.02,3.03,2.53,2.68,0.15,2.61,2.72,2.39,-0.33,2.56,2.5,2.54,0.04,2.52,2.53,2.71,0.18,2.62,3.06,2.5,-0.56,2.78
Real_76,12,r_conways husband criticizes WH on twitter.png,2.43,2.58,0.15,2.51,2.49,2.79,0.3,2.64,2.57,0.43,5.17,4.73,-0.44,4.95,4.97,4.79,-0.18,4.88,2.32,2.79,0.47,2.56,2.2,2.53,0.33,2.37,1.97,2.21,0.24,2.09,1.91,1.74,-0.17,1.83,1.52,1.88,0.36,1.7,1.6,1.56,-0.04,1.58,2.3,2.21,-0.09,2.26,2.43,2.53,0.1,2.48,1.6,2.33,0.73,1.97,1.86,1.98,0.12,1.92
Real_77,13,r_DEm take stand on gun control .png,2.57,2.43,-0.14,2.5,3.07,3.28,0.21,3.18,2.84,0.16,5.24,4.98,-0.26,5.11,5.17,4.83,-0.34,5,3.86,3.7,-0.16,3.78,3.67,3.48,-0.19,3.58,2.49,3.09,0.6,2.79,2.37,2.42,0.05,2.4,2.24,2.73,0.49,2.49,3.13,2.46,-0.67,2.8,2.53,2.14,-0.39,2.34,2.37,2.53,0.16,2.45,2.25,3.43,1.18,2.84,2.73,2.7,-0.03,2.72
Real_78,14,r_dems are blind with rage for impeachment.png,4.02,3.02,-1,3.52,4.11,3.58,-0.53,3.85,3.68,0.68,5.13,5.13,0,5.13,5.78,5.53,-0.25,5.66,2.61,3.33,0.72,2.97,3.31,3.77,0.46,3.54,2,2.71,0.71,2.36,2.86,2.76,-0.1,2.81,2.13,2.75,0.62,2.44,2.43,2.65,0.22,2.54,2.55,2.29,-0.26,2.42,2.41,2.12,-0.29,2.27,1.45,2.63,1.18,2.04,3.14,3.23,0.09,3.19
Real_79,15,r_Dems lizard brain hopes bad for trump.png,3.56,2.89,-0.67,3.23,3.24,2.98,-0.26,3.11,3.17,0.17,3.14,3.85,0.71,3.5,3.46,4.32,0.86,3.89,2.57,2.9,0.33,2.74,2.54,2.63,0.09,2.59,2.3,2.57,0.27,2.44,2.22,1.93,-0.29,2.08,2.09,2.34,0.25,2.22,2.32,1.8,-0.52,2.06,2.81,2.61,-0.2,2.71,2.68,2.61,-0.07,2.65,1.7,2.84,1.14,2.27,2.22,2.12,-0.1,2.17
Real_80,16,r_dems propose pay raise for congress.png,3.12,2.98,-0.14,3.05,3.21,2.94,-0.27,3.08,3.06,0.06,4.44,4.77,0.33,4.61,5.24,5.3,0.06,5.27,3.56,3.87,0.31,3.72,3.39,3.91,0.52,3.65,1.96,2.74,0.78,2.35,2.59,2.04,-0.55,2.32,2.71,2.77,0.06,2.74,2.91,3.15,0.24,3.03,2.58,2.43,-0.15,2.51,2.26,2.36,0.1,2.31,2.4,3.09,0.69,2.75,3.06,2.83,-0.23,2.95
Real_81,17,r_dems skirt rules to fudna genda.png,3.84,3.23,-0.61,3.54,3.95,3.61,-0.34,3.78,3.66,0.66,4.26,4.31,0.05,4.29,4.78,4.67,-0.11,4.73,3.36,3.45,0.09,3.41,3.27,3.1,-0.17,3.19,2.18,2.49,0.31,2.34,1.97,1.86,-0.11,1.92,2.22,2.69,0.47,2.46,2.54,2.1,-0.44,2.32,2.88,2.55,-0.33,2.72,2.7,2.76,0.06,2.73,1.82,2.76,0.94,2.29,2.43,2.2,-0.23,2.32
Real_82,18,r_DNC push for climate debate.png,2.15,1.92,-0.23,2.04,2.38,2.77,0.39,2.58,2.31,0.7,4.91,4.72,-0.19,4.82,5.28,4.4,-0.88,4.84,3.81,3.79,-0.02,3.8,2.78,2.88,0.1,2.83,2.4,2.89,0.49,2.65,1.94,1.88,-0.06,1.91,1.85,2.58,0.73,2.22,2.22,1.98,-0.24,2.1,2.76,2.42,-0.34,2.59,2.75,2.63,-0.12,2.69,2.24,2.77,0.53,2.51,2.31,2.04,-0.27,2.18
Real_83,19,r_EPA chief discounts climate change.png,2.84,2.72,-0.12,2.78,3.39,3,-0.39,3.2,2.99,0.01,4.86,4.88,0.02,4.87,4.94,4.42,-0.52,4.68,3.95,4.07,0.12,4.01,3.68,3.16,-0.52,3.42,2.28,3.1,0.82,2.69,2.58,2.23,-0.35,2.41,3.53,3.7,0.17,3.62,3.23,1.98,-1.25,2.61,2.69,2.4,-0.29,2.55,2.55,2.56,0.01,2.56,2.78,3.48,0.7,3.13,3.23,2.33,-0.9,2.78
Real_84,20,r_expert claims trump signature means narcissism.png,2.51,2.63,0.12,2.57,1.93,2.65,0.72,2.29,2.43,0.57,4.44,4.83,0.39,4.64,4.45,4.05,-0.4,4.25,2,2.77,0.77,2.39,1.66,2.26,0.6,1.96,1.71,2.37,0.66,2.04,1.69,1.93,0.24,1.81,1.63,2.48,0.85,2.06,1.72,1.91,0.19,1.82,2.73,2.4,-0.33,2.57,2.69,2.42,-0.27,2.56,1.86,3,1.14,2.43,2,1.91,-0.09,1.96
Real_85,21,r_gop divided on tech probe.png,2.72,2.7,-0.02,2.71,2.89,2.93,0.04,2.91,2.81,0.19,5.21,4.56,-0.65,4.89,4.74,4.41,-0.33,4.58,3.42,3.17,-0.25,3.3,3.24,3.1,-0.14,3.17,1.85,2.51,0.66,2.18,2.09,1.97,-0.12,2.03,2.4,2.76,0.36,2.58,2.17,2.2,0.03,2.19,2.72,2.41,-0.31,2.57,2.5,2.71,0.21,2.61,1.6,2.87,1.27,2.24,2.37,2.12,-0.25,2.25
Real_86,22,r_GOPcongressman says mil unit killed civs.png,2.42,2.65,0.23,2.54,2.21,2.82,0.61,2.52,2.53,0.48,4.7,4.61,-0.09,4.66,4.26,4.18,-0.08,4.22,4.08,3.76,-0.32,3.92,3.35,3.92,0.57,3.64,2.66,2.76,0.1,2.71,2.56,2.6,0.04,2.58,3.48,3.3,-0.18,3.39,3.09,3,-0.09,3.05,2.68,2.33,-0.35,2.51,2.59,2.59,0,2.59,2.03,3.27,1.24,2.65,2.09,2.69,0.6,2.39
Real_87,23,r_Gov signs abortion bill.png,3.08,2.91,-0.17,3,3.03,3.02,-0.01,3.03,3.01,0.01,5.15,5.21,0.06,5.18,5.29,5.3,0.01,5.3,4.05,4.1,0.05,4.08,4,4.02,0.02,4.01,2.57,2.83,0.26,2.7,2.56,2.73,0.17,2.65,2.82,2.84,0.02,2.83,3.03,3.11,0.08,3.07,2.64,2.21,-0.43,2.43,2.38,2.2,-0.18,2.29,2.38,3.12,0.74,2.75,2.76,3.02,0.26,2.89
Real_88,24,r_Grassley confronted about repealing obamacare.png,2.64,2.71,0.07,2.68,2.97,3.19,0.22,3.08,2.88,0.12,5.51,5.16,-0.35,5.34,5.33,5.02,-0.31,5.18,3.57,3.8,0.23,3.69,3.44,3.47,0.03,3.46,2.1,2.61,0.51,2.36,2.21,2.37,0.16,2.29,2.68,3,0.32,2.84,2.16,2.04,-0.12,2.1,2.62,2.25,-0.37,2.44,2.72,2.57,-0.15,2.65,2.33,3.18,0.85,2.76,2.26,2.3,0.04,2.28
Real_89,25,r_HEs making things happen.png,4.39,3.68,-0.71,4.04,4.55,4.33,-0.22,4.44,4.24,1.24,5.11,5.04,-0.07,5.08,6,5.39,-0.61,5.7,2.66,3.06,0.4,2.86,3.52,3.59,0.07,3.56,1.95,2.08,0.13,2.02,2.87,3,0.13,2.94,2.74,2.74,0,2.74,1.65,1.67,0.02,1.66,2.66,2.26,-0.4,2.46,2.32,2.33,0.01,2.33,1.76,2.36,0.6,2.06,3.13,2.98,-0.15,3.06
Real_90,26,r_ICE doesnt know how many vets deported.png,2.14,2.5,0.36,2.32,2.36,2.87,0.51,2.62,2.47,0.53,5.01,4.98,-0.03,5,3.69,3.64,-0.05,3.67,4.29,3.95,-0.34,4.12,3.72,3.59,-0.13,3.66,2.68,3,0.32,2.84,2.22,2.77,0.55,2.5,3.94,3.71,-0.23,3.83,2.69,2.92,0.23,2.81,2.56,2.52,-0.04,2.54,2.53,2.62,0.09,2.58,2.88,3.5,0.62,3.19,2.78,2.79,0.01,2.79
Real_91,27,r_if theres no wall we do nothing.png,2.87,2.93,0.06,2.9,3,3.03,0.03,3.02,2.96,0.04,5.38,5.26,-0.12,5.32,4.71,4.48,-0.23,4.6,3.3,3.96,0.66,3.63,3.6,3.73,0.13,3.67,2.09,2.67,0.58,2.38,2.36,2.23,-0.13,2.3,2.89,3.62,0.73,3.26,2.71,2.62,-0.09,2.67,2.33,1.8,-0.53,2.07,2.51,2.33,-0.18,2.42,2.13,3.41,1.28,2.77,2.58,2.27,-0.31,2.43
Real_92,28,r_investment boom has yet to appear.png,1.74,2.61,0.87,2.18,1.92,2.3,0.38,2.11,2.14,0.86,5.65,5.07,-0.58,5.36,4.32,4.11,-0.21,4.22,3.97,3.86,-0.11,3.92,3.52,3.41,-0.11,3.47,2.3,2.54,0.24,2.42,2,2.43,0.43,2.22,2.97,3.21,0.24,3.09,2.64,2.49,-0.15,2.57,2.51,2.02,-0.49,2.27,2.52,2.32,-0.2,2.42,2.58,3.27,0.69,2.93,2.08,2.11,0.03,2.1
Real_93,29,r_Kavanaugh defenders daughter gets job with Kavanaugh.png,3.07,2.65,-0.42,2.86,2.83,3.27,0.44,3.05,2.96,0.04,4.56,4.84,0.28,4.7,4.07,4.25,0.18,4.16,3.12,3.51,0.39,3.32,2.78,2.77,-0.01,2.78,1.93,2.69,0.76,2.31,2.27,1.98,-0.29,2.13,2.58,2.8,0.22,2.69,1.9,1.91,0.01,1.91,2.61,2.57,-0.04,2.59,2.71,2.55,-0.16,2.63,1.88,2.8,0.92,2.34,2.24,2.02,-0.22,2.13
Real_94,30,r_mar alago is symbol of corruption.png,1.68,2.17,0.49,1.93,1.75,2.41,0.66,2.08,2,1,5.26,4.83,-0.43,5.05,3.36,3.74,0.38,3.55,3.61,3.33,-0.28,3.47,2.64,2.94,0.3,2.79,2.4,2.5,0.1,2.45,1.97,2,0.03,1.99,3.05,2.76,-0.29,2.91,1.97,1.94,-0.03,1.96,2.4,2.46,0.06,2.43,2.83,2.85,0.02,2.84,2.54,2.87,0.33,2.71,1.83,2,0.17,1.92
Real_95,31,r_mcdaniel loves romney but supports trump.png,4.09,3.51,-0.58,3.8,3.92,3.69,-0.23,3.81,3.8,0.8,4.44,4.27,-0.17,4.36,4.2,4.61,0.41,4.41,2.3,2.91,0.61,2.61,2.82,3.44,0.62,3.13,1.54,2.04,0.5,1.79,2.15,2.22,0.07,2.19,1.91,2.11,0.2,2.01,1.82,1.72,-0.1,1.77,2.74,2.56,-0.18,2.65,2.6,2.56,-0.04,2.58,1.57,2.27,0.7,1.92,2.38,2.42,0.04,2.4
Real_96,32,r_military ot paint Mexico barrier.png,2.83,2.76,-0.07,2.8,2.87,3.16,0.29,3.02,2.91,0.09,4.08,4.41,0.33,4.25,3.45,2.65,-0.8,3.05,2.27,2.89,0.62,2.58,2.16,2.08,-0.08,2.12,1.54,2.13,0.59,1.84,2,1.57,-0.43,1.79,2.31,2.76,0.45,2.54,1.84,1.65,-0.19,1.75,2.65,2.61,-0.04,2.63,2.76,2.81,0.05,2.79,2.15,3.02,0.87,2.59,2.03,1.59,-0.44,1.81
Real_97,33,r_miss USA wont competein trump pageant.png,2.05,2.04,-0.01,2.05,2.2,2.7,0.5,2.45,2.25,0.75,5.32,5.37,0.05,5.35,5,5.07,0.07,5.04,2.08,3.04,0.96,2.56,2.03,2.37,0.34,2.2,1.92,2.48,0.56,2.2,1.87,1.81,-0.06,1.84,1.44,2.3,0.86,1.87,1.87,1.77,-0.1,1.82,2.75,2.43,-0.32,2.59,2.5,2.53,0.03,2.52,1.76,2.52,0.76,2.14,2.03,1.88,-0.15,1.96
Real_98,34,r_moulton slams bidens vote.png,3.3,3.57,0.27,3.44,3.79,3.27,-0.52,3.53,3.48,0.48,5.07,4.85,-0.22,4.96,5.13,4.62,-0.51,4.88,2.81,3.52,0.71,3.17,2.79,3.19,0.4,2.99,2.15,2.44,0.29,2.3,1.77,2.36,0.59,2.07,1.81,2.71,0.9,2.26,1.79,2.38,0.59,2.09,2.69,2.48,-0.21,2.59,2.9,2.35,-0.55,2.63,1.8,2.74,0.94,2.27,1.87,2.51,0.64,2.19
Real_99,35,r_mueller could be subpoenaed in weeks.png,2.47,2.14,-0.33,2.31,2.82,2.88,0.06,2.85,2.58,0.42,5.24,5.25,0.01,5.25,5.24,5.21,-0.03,5.23,3.91,3.93,0.02,3.92,3.61,3.37,-0.24,3.49,2.91,3.08,0.17,3,2.58,2.4,-0.18,2.49,2.09,2.53,0.44,2.31,2.45,2.44,-0.01,2.45,2.31,1.95,-0.36,2.13,2.24,2.19,-0.05,2.22,2.4,3.07,0.67,2.74,2.94,2.4,-0.54,2.67
Real_100,36,r_Ohr awarded bonus amid probe.png,3.08,2.86,-0.22,2.97,3.14,3.1,-0.04,3.12,3.05,0.04,4.04,4.04,0,4.04,4.4,4.12,-0.28,4.26,3.35,3.63,0.28,3.49,3.57,3.6,0.03,3.59,1.81,2.6,0.79,2.21,2.46,2.19,-0.27,2.33,2.51,2.98,0.47,2.75,2.74,2.67,-0.07,2.71,2.78,2.58,-0.2,2.68,2.64,2.6,-0.04,2.62,1.73,2.62,0.89,2.18,2.76,2.38,-0.38,2.57
Real_101,37,r_OP lied about gerrymandering.png,1.74,2.18,0.44,1.96,2.12,2.21,0.09,2.17,2.06,0.94,5.74,5.13,-0.61,5.44,4.32,3.93,-0.39,4.13,4.17,4.04,-0.13,4.11,3.44,3.1,-0.34,3.27,2.37,2.91,0.54,2.64,2.26,2.14,-0.12,2.2,3.54,3.47,-0.07,3.51,2.71,2.57,-0.14,2.64,2.52,2.2,-0.32,2.36,2.59,2.69,0.1,2.64,2.76,3.31,0.55,3.04,2.26,2.74,0.48,2.5
Real_102,38,r_people have never seen queen better.png,3.53,2.94,-0.59,3.24,3.33,3.54,0.21,3.44,3.34,0.34,3.92,3.89,-0.03,3.91,4.19,3.83,-0.36,4.01,1.84,2.38,0.54,2.11,2.24,2.71,0.47,2.48,1.72,1.83,0.11,1.78,2.14,2.1,-0.04,2.12,1.7,2.02,0.32,1.86,1.64,1.51,-0.13,1.58,2.66,2.3,-0.36,2.48,2.48,2.54,0.06,2.51,1.66,2.47,0.81,2.07,2.34,2.1,-0.24,2.22
Real_103,39,r_repubs redistrict around WH.png,2.4,2.59,0.19,2.5,2.57,2.64,0.07,2.61,2.55,0.45,3.61,3.95,0.34,3.78,3.02,3.31,0.29,3.17,3.49,3.2,-0.29,3.35,2.96,2.69,-0.27,2.83,2.18,2.41,0.23,2.3,2.19,2.11,-0.08,2.15,2.16,2.39,0.23,2.28,1.94,1.94,0,1.94,2.82,2.46,-0.36,2.64,2.72,2.61,-0.11,2.67,1.77,2.73,0.96,2.25,2.19,1.86,-0.33,2.03
Real_104,40,r_sanders battles against greed.png,1.84,1.98,0.14,1.91,2.38,2.81,0.43,2.6,2.25,0.75,5.42,5.22,-0.2,5.32,4.74,4.49,-0.25,4.62,3.62,3.51,-0.11,3.57,2.81,3,0.19,2.91,2.8,3.02,0.22,2.91,2.07,2.26,0.19,2.17,1.55,2.51,0.96,2.03,1.81,1.98,0.17,1.9,2.49,2.49,0,2.49,2.48,2.51,0.03,2.5,3.05,3.2,0.15,3.13,2.07,2.38,0.31,2.23
Real_105,41,r_SC rejects challenge to silencer laws.png,3.48,3.04,-0.44,3.26,3.47,3.29,-0.18,3.38,3.32,0.32,5.23,5.02,-0.21,5.13,5.04,4.95,-0.09,5,3.86,3.98,0.12,3.92,3.56,3.81,0.25,3.69,2.54,2.77,0.23,2.66,2.62,2.55,-0.07,2.59,3.06,3.37,0.31,3.22,2.51,2.6,0.09,2.56,2.52,2.26,-0.26,2.39,2.53,2.43,-0.1,2.48,2.59,3.39,0.8,2.99,2.67,2.48,-0.19,2.58
Real_106,42,r_SC to decide on perpetual detention.png,2.87,2.82,-0.05,2.85,3.08,3.03,-0.05,3.06,2.95,0.05,4.98,4.66,-0.32,4.82,4.74,4.39,-0.35,4.57,3.98,3.63,-0.35,3.81,3.77,3.42,-0.35,3.6,2.13,2.57,0.44,2.35,2.49,2.29,-0.2,2.39,2.58,2.84,0.26,2.71,2.69,2.61,-0.08,2.65,2.69,2.48,-0.21,2.59,2.67,2.61,-0.06,2.64,2.08,2.64,0.56,2.36,2.59,2.24,-0.35,2.42
Real_107,43,r_Schiff hammers collusion.png,2.79,2.57,-0.22,2.68,2.76,2.95,0.19,2.86,2.77,0.23,5.19,4.79,-0.4,4.99,5.38,4.83,-0.55,5.11,3.36,3.6,0.24,3.48,3.32,3.12,-0.2,3.22,2.11,2.55,0.44,2.33,2.27,2.48,0.21,2.38,2.42,2.88,0.46,2.65,2.44,2.45,0.01,2.45,2.63,2.24,-0.39,2.44,2.59,2.02,-0.57,2.31,1.83,2.57,0.74,2.2,2.46,2.67,0.21,2.57
Real_108,44,r_Stewart tells Congress to support 911 responders.png,2.41,2.26,-0.15,2.34,3.07,3.09,0.02,3.08,2.71,0.29,6,5.08,-0.92,5.54,5.79,5.27,-0.52,5.53,4.23,3.75,-0.48,3.99,3.9,3.71,-0.19,3.81,3.07,3.02,-0.05,3.05,2.86,2.64,-0.22,2.75,3.12,2.98,-0.14,3.05,2.69,2.51,-0.18,2.6,1.61,2.04,0.43,1.83,1.93,2.18,0.25,2.06,3.52,3.26,-0.26,3.39,3.1,3,-0.1,3.05
Real_109,45,r_stocks tumble after import tariffs.png,2.09,2.39,0.3,2.24,2.23,2.55,0.32,2.39,2.32,0.69,6.17,5.51,-0.66,5.84,4.73,5.59,0.86,5.16,4.21,4.12,-0.09,4.17,3.87,3.55,-0.32,3.71,2.6,2.84,0.24,2.72,2.23,2.31,0.08,2.27,3.57,3.63,0.06,3.6,2.6,2.62,0.02,2.61,1.91,2.1,0.19,2.01,2.37,1.83,-0.54,2.1,2.49,3,0.51,2.75,1.9,2.62,0.72,2.26
Real_110,46,r_Tlaib describes personal threats during hearing.png,2.19,2.3,0.11,2.25,2.26,2.67,0.41,2.47,2.36,0.65,5.81,4.91,-0.9,5.36,4.26,4.5,0.24,4.38,4.06,3.73,-0.33,3.9,2.98,3.21,0.23,3.1,2.58,2.55,-0.03,2.57,1.98,2.37,0.39,2.18,3.72,3.28,-0.44,3.5,2.14,2.29,0.15,2.22,2.66,2.34,-0.32,2.5,2.64,2.42,-0.22,2.53,2.83,3.27,0.44,3.05,1.76,2.25,0.49,2.01
Real_111,47,r_trump admit cabinet clinkers.png,2.33,2.36,0.03,2.35,2.18,2.65,0.47,2.42,2.38,0.62,4.68,4.51,-0.17,4.6,4,4.37,0.37,4.19,3,3.19,0.19,3.1,2.55,2.88,0.33,2.72,1.95,2.53,0.58,2.24,1.91,2,0.09,1.96,2.29,3.06,0.77,2.68,1.95,2.06,0.11,2.01,2.79,2.45,-0.34,2.62,2.75,2.63,-0.12,2.69,2.05,3.21,1.16,2.63,1.84,2.27,0.43,2.06
Real_112,48,r_trump alienates farmers.png,1.91,2.04,0.13,1.98,2.04,2.29,0.25,2.17,2.07,0.93,5.36,5.13,-0.23,5.25,4.16,3.38,-0.78,3.77,3.84,3.63,-0.21,3.74,3.56,3.47,-0.09,3.52,2.02,2.24,0.22,2.13,2.2,2.12,-0.08,2.16,3.02,2.98,-0.04,3,2.88,2.94,0.06,2.91,2.64,2.54,-0.1,2.59,2.72,2.74,0.02,2.73,2.53,2.87,0.34,2.7,2.72,2.5,-0.22,2.61
Real_113,49,r_Trump brags about effect on queen.png,3,2.93,-0.07,2.97,3.06,3.33,0.27,3.2,3.08,0.08,4.87,4.96,0.09,4.92,4.32,4.41,0.09,4.37,1.88,2.57,0.69,2.23,2.44,2.53,0.09,2.49,1.69,1.69,0,1.69,2.29,2,-0.29,2.15,1.79,2.33,0.54,2.06,1.62,1.59,-0.03,1.61,2.62,2.28,-0.34,2.45,2.32,2.33,0.01,2.33,1.5,2.2,0.7,1.85,2.68,2,-0.68,2.34
Real_114,50,r_trump defends transgender ban.png,2.56,2.79,0.23,2.68,2.64,2.71,0.07,2.68,2.68,0.33,4.93,4.92,-0.01,4.93,4.73,4.24,-0.49,4.49,3.69,3.83,0.14,3.76,2.38,3.43,1.05,2.91,2.44,2.63,0.19,2.54,2.23,2.18,-0.05,2.21,3.25,3.44,0.19,3.35,1.86,2.04,0.18,1.95,2.44,2.15,-0.29,2.3,2.73,2.59,-0.14,2.66,2.45,3.13,0.68,2.79,2.05,2.45,0.4,2.25
Real_115,51,r_Trump denies interview despite recording.png,1.88,2.14,0.26,2.01,2.11,2.78,0.67,2.45,2.23,0.77,6.02,5.98,-0.04,6,4.3,4.88,0.58,4.59,2.53,3.41,0.88,2.97,1.59,2.38,0.79,1.99,2.31,2.53,0.22,2.42,1.81,1.98,0.17,1.9,2.36,2.88,0.52,2.62,1.37,2.03,0.66,1.7,2.08,1.92,-0.16,2,2.33,2.3,-0.03,2.32,2.27,2.9,0.63,2.59,1.78,2,0.22,1.89
Real_116,52,r_trump doesnt see london protests.png,2.33,2.51,0.18,2.42,2.09,2.86,0.77,2.48,2.45,0.55,5.14,5.47,0.33,5.31,4.25,4.43,0.18,4.34,3.24,3.49,0.25,3.37,2.31,3,0.69,2.66,2.14,2.78,0.64,2.46,1.84,2.13,0.29,1.99,2.82,2.95,0.13,2.89,2,2.13,0.13,2.07,2.51,2.02,-0.49,2.27,2.63,2.45,-0.18,2.54,2.47,3.49,1.02,2.98,1.97,2.05,0.08,2.01
Real_117,53,r_trump donates $1m to Texas.png,4.18,3.46,-0.72,3.82,4.34,4.16,-0.18,4.25,4.04,1.04,3.47,3.68,0.21,3.58,5.11,5.34,0.23,5.23,3.35,3.39,0.04,3.37,3.89,3.89,0,3.89,2.2,2.67,0.47,2.44,2.95,3.18,0.23,3.07,1.39,1.89,0.5,1.64,1.82,1.57,-0.25,1.7,2.75,2.46,-0.29,2.61,2.39,2.23,-0.16,2.31,1.76,2.51,0.75,2.14,3.32,3.25,-0.07,3.29
Real_118,54,r_trump exaggerates muellers ties.png,2.34,3.06,0.72,2.7,1.98,2.88,0.9,2.43,2.57,0.44,5.87,5.45,-0.42,5.66,4.14,3.57,-0.57,3.86,3.44,3.5,0.06,3.47,2.7,2.98,0.28,2.84,2.05,2.65,0.6,2.35,2.02,1.95,-0.07,1.99,2.57,2.75,0.18,2.66,1.8,2.17,0.37,1.99,2.44,2.2,-0.24,2.32,2.64,2.67,0.03,2.66,1.89,2.67,0.78,2.28,1.73,2.12,0.39,1.93
Real_119,55,r_trump insults mueller pelosi.png,2.56,2.36,-0.2,2.46,2.94,2.63,-0.31,2.79,2.62,0.38,5.44,5.94,0.5,5.69,4.71,4.54,-0.17,4.63,3.21,3.57,0.36,3.39,2.58,2.76,0.18,2.67,2.35,2.68,0.33,2.52,2.1,1.96,-0.14,2.03,2.81,3.26,0.45,3.04,2.1,2.09,-0.01,2.1,2.4,2.17,-0.23,2.29,2.55,2.76,0.21,2.66,2.5,3.21,0.71,2.86,2.81,2.09,-0.72,2.45
Real_120,56,r_trump keep up insult war.png,2.2,2.27,0.07,2.24,2.3,2.67,0.37,2.49,2.36,0.64,5.63,5.75,0.12,5.69,5.05,5.18,0.13,5.12,2.98,3.51,0.53,3.25,2.79,2.79,0,2.79,2.1,2.78,0.68,2.44,2.28,1.77,-0.51,2.03,2.86,3.1,0.24,2.98,2.28,1.9,-0.38,2.09,2.34,2.37,0.03,2.36,2.49,2.31,-0.18,2.4,2.07,2.75,0.68,2.41,2.7,1.77,-0.93,2.24
Real_121,57,r_trump lashes out at vanity fair.png,2.32,2.25,-0.07,2.29,2.2,2.35,0.15,2.28,2.28,0.72,5.25,5.35,0.1,5.3,4.55,4.5,-0.05,4.53,2.05,2.98,0.93,2.52,2.05,2.07,0.02,2.06,1.95,2.42,0.47,2.19,2.05,1.58,-0.47,1.82,1.67,2.54,0.87,2.11,1.75,1.46,-0.29,1.61,2.62,2.56,-0.06,2.59,2.64,2.7,0.06,2.67,2.08,2.73,0.65,2.41,2.09,1.87,-0.22,1.98
Real_122,58,r_trump links departure of FBI officials to probe.png,2.02,2.56,0.54,2.29,1.81,2.49,0.68,2.15,2.22,0.78,5.36,5.02,-0.34,5.19,3.91,3.7,-0.21,3.81,3.75,3.87,0.12,3.81,2.94,2.96,0.02,2.95,2.39,2.62,0.23,2.51,1.72,2.21,0.49,1.97,2.92,3.24,0.32,3.08,2.13,2.13,0,2.13,2.69,2.42,-0.27,2.56,2.69,2.6,-0.09,2.65,2.56,3.11,0.55,2.84,1.56,2.26,0.7,1.91
Real_123,59,r_trump rejects request to fly pride flag.png,2.63,2.57,-0.06,2.6,2.61,3.08,0.47,2.85,2.72,0.28,5.48,5.35,-0.13,5.42,4.94,5.18,0.24,5.06,3.63,3.89,0.26,3.76,2.72,3.16,0.44,2.94,2.22,2.91,0.69,2.57,1.88,2.27,0.39,2.08,2.9,3.37,0.47,3.14,1.61,2.14,0.53,1.88,2.09,2.07,-0.02,2.08,2.33,2.22,-0.11,2.28,2.61,3.39,0.78,3,2.09,2.53,0.44,2.31
Real_124,60,r_trump said pelading fifth is for mob.png,1.8,2.31,0.51,2.06,2,2.03,0.03,2.02,2.04,0.97,5.39,5.18,-0.21,5.29,4.23,3.92,-0.31,4.08,3.34,3.84,0.5,3.59,2.4,3.11,0.71,2.76,2.33,2.9,0.57,2.62,1.93,2.14,0.21,2.04,2.72,3.39,0.67,3.06,1.9,2.36,0.46,2.13,2.55,2.41,-0.14,2.48,2.6,2.39,-0.21,2.5,2.42,3.35,0.93,2.89,2.1,2.03,-0.07,2.07
Real_125,61,r_trump says moon is part of mars.png,1.92,2.55,0.63,2.24,1.89,2.63,0.74,2.26,2.25,0.75,4.48,4.17,-0.31,4.33,2.43,2.82,0.39,2.63,2.55,2.88,0.33,2.72,2.54,2.82,0.28,2.68,2,2.57,0.57,2.29,1.86,2.1,0.24,1.98,2.89,2.85,-0.04,2.87,1.91,2.25,0.34,2.08,2.18,2.23,0.05,2.21,2.57,2.58,0.01,2.58,2.58,3.17,0.59,2.88,1.71,2.2,0.49,1.96
Real_126,62,r_trump strikes conciliatory tone at tech meeting.png,3.38,3.14,-0.24,3.26,3.7,3.34,-0.36,3.52,3.39,0.39,4.66,4.75,0.09,4.71,5.18,4.61,-0.57,4.9,2.83,3.27,0.44,3.05,3.39,2.9,-0.49,3.15,1.75,2.71,0.96,2.23,2,2.17,0.17,2.09,1.65,2.57,0.92,2.11,1.64,1.98,0.34,1.81,2.71,2.39,-0.32,2.55,2.67,2.59,-0.08,2.63,1.6,2.86,1.26,2.23,2.33,2.37,0.04,2.35
Real_127,63,r_trump supporter threaten congress.png,1.83,2.28,0.45,2.06,1.54,2.3,0.76,1.92,1.99,1.01,5.38,5.57,0.19,5.48,4.48,4.49,0.01,4.49,3.93,3.85,-0.08,3.89,3.54,3.63,0.09,3.59,2.98,2.87,-0.11,2.93,2.43,2.26,-0.17,2.35,3.72,3.81,0.09,3.77,3.39,3.07,-0.32,3.23,2.4,2.23,-0.17,2.32,2.74,2.58,-0.16,2.66,2.88,3.6,0.72,3.24,2.17,2.4,0.23,2.29
Real_128,64,r_trump unmoved by charles CC appeal.png,2.55,2.75,0.2,2.65,2.73,2.88,0.15,2.81,2.73,0.27,5.53,5.43,-0.1,5.48,5.25,4.64,-0.61,4.95,3.54,3.78,0.24,3.66,2.83,3.04,0.21,2.94,2.14,2.48,0.34,2.31,2.07,2.18,0.11,2.13,3.51,3.3,-0.21,3.41,2.2,2.05,-0.15,2.13,2.47,2.23,-0.24,2.35,2.45,2.45,0,2.45,2.31,3.05,0.74,2.68,2.35,2.18,-0.17,2.27
Real_129,65,r_Trump vows tax cut will benefit middle class.png,3.85,3.36,-0.49,3.61,4.19,3.63,-0.56,3.91,3.76,0.76,4.48,3.62,-0.86,4.05,5.6,5.41,-0.19,5.51,4.1,4.08,-0.02,4.09,4.32,4.25,-0.07,4.29,2.62,2.9,0.28,2.76,3.57,3.38,-0.19,3.48,1.97,2.42,0.45,2.2,1.77,1.61,-0.16,1.69,2.08,2.15,0.07,2.12,2.19,2.09,-0.1,2.14,2.13,3,0.87,2.57,3.36,3.22,-0.14,3.29
Real_130,66,r_WH proposes deep cuts to safety nets.png,2.8,2.78,-0.02,2.79,3.16,3.14,-0.02,3.15,2.97,0.03,4.93,4.82,-0.11,4.88,4.68,4.57,-0.11,4.63,3.96,3.86,-0.1,3.91,3.84,3.52,-0.32,3.68,2.43,2.8,0.37,2.62,2.47,2.45,-0.02,2.46,3,3.35,0.35,3.18,2.55,2.2,-0.35,2.38,2.7,2.29,-0.41,2.5,2.74,2.73,-0.01,2.74,2.51,3.37,0.86,2.94,2.79,2.3,-0.49,2.55
Real_131,67,r_WH tells Navy to hide USSM.png,2.03,2.66,0.63,2.35,2.14,2.56,0.42,2.35,2.35,0.65,5.03,4.72,-0.31,4.88,3.33,3.29,-0.04,3.31,3.19,3.58,0.39,3.39,2.33,3.07,0.74,2.7,2.42,2.81,0.39,2.62,1.92,2.27,0.35,2.1,2.92,3.17,0.25,3.05,1.94,2.54,0.6,2.24,2.06,1.94,-0.12,2,2.28,2.46,0.18,2.37,2.56,3,0.44,2.78,1.92,2.51,0.59,2.22
Real_132,68,r_WH to build taller fence.png,3.02,2.93,-0.09,2.98,3.4,3.06,-0.34,3.23,3.1,0.1,4.86,4.5,-0.36,4.68,4.8,4.38,-0.42,4.59,2.23,2.8,0.57,2.52,2.57,2.82,0.25,2.7,1.6,2.21,0.61,1.91,2,2.06,0.06,2.03,1.69,2.31,0.62,2,1.8,1.56,-0.24,1.68,2.66,2.33,-0.33,2.5,2.77,2.59,-0.18,2.68,1.81,2.67,0.86,2.24,2.17,2.21,0.04,2.19
Real_133,69,r_youtube backlash after supremacist policy.png,2.92,2.83,-0.09,2.88,2.46,2.57,0.11,2.52,2.7,0.31,4.66,4.67,0.01,4.67,3.89,3.76,-0.13,3.83,3.45,3.82,0.37,3.64,3.29,3.3,0.01,3.3,2.63,2.79,0.16,2.71,2.11,2,-0.11,2.06,2.63,3.06,0.43,2.85,2.36,2.38,0.02,2.37,2.53,2.4,-0.13,2.47,2.64,2.68,0.04,2.66,2.27,3.02,0.75,2.65,2.07,2.05,-0.02,2.06
Real_134,70,r_zervos subpoenas apprentice recordings.png,1.8,2.25,0.45,2.03,2.19,2.36,0.17,2.28,2.15,0.85,4.98,4.81,-0.17,4.9,4.11,3.84,-0.27,3.98,3.25,3.49,0.24,3.37,2.37,2.52,0.15,2.45,2.65,2.93,0.28,2.79,2,1.73,-0.27,1.87,2.31,2.85,0.54,2.58,1.7,1.73,0.03,1.72,2.56,2.37,-0.19,2.47,2.59,2.59,0,2.59,2.25,3.08,0.83,2.67,2.04,1.82,-0.22,1.93
